r_f1,r_f2,r_f3,s_f1,s_f2,s_f3
-1.160236432494005,-1.9131259900400126,-1.7232650539346837,-1.1660814016181966,-1.8447289900172643,-1.6518281988644854
-1.1689729889427447,-1.0509724602141555,-2.116890293051332,-1.1660814424583321,-1.0151553002296707,-2.0238473751757744
-1.1665540518764088,-1.182418834098368,-2.294927099619014,-1.1660814112353028,-1.0287842432362477,-2.1344643143036044
-1.1505511822648613,-1.6472426967109888,-2.2787820716391822,-1.1660813721291479,-1.2794286729107947,-1.8946207672245043
-1.1565946343299818,-1.694378749628346,-1.9475047093012194,-1.1660813402339087,-1.530902682251757,-1.7767630373944538
-1.1590699577896129,-0.8109562912836724,-2.0883893108904523,-1.1660814140295166,-0.9744377904880027,-2.2591366577606964
-1.154069104813523,-0.9841230095964968,-2.5780141884083743,-1.166081417083038,-0.9126327949768132,-2.50334665368137
-1.1556081751597207,-1.2850078154827074,-2.9028394517197467,-1.1660814171607652,-0.9111196883685592,-2.5123341078146906
-1.1692331438732757,-1.6084664200442704,-2.2831298663218824,-1.1660813747522645,-1.2517918151499794,-1.9106030657311766
-1.1555378240809073,-0.8468802118464213,-2.887594832634747,-1.1660813890573136,-0.7879309948453936,-2.826025650593948
-1.1603213717109575,-0.78641857683554,-2.3991205553078756,-1.1660814172827847,-0.9087545225051694,-2.5268936720598716
-1.165533662286846,-1.4575544564216045,-2.813389763755173,-1.1660814146257668,-0.9619966999524788,-2.295807244454565
-1.150791857533284,-1.3435955054010291,-2.1676635948684195,-1.1660813837103228,-1.1566709583350379,-1.9724312935672343
-1.1512469915829975,-1.4957930283381562,-2.7222123022577263,-1.166081412965392,-0.9970892091859132,-2.20134389221921
-1.1618588203620857,-0.9811315544452514,-2.7042329446542865,-1.1660814179255548,-0.8963863279289556,-2.615721295296679
-1.16018991763043,-1.3196999940298197,-2.581772592860071,-1.1660814135463258,-0.9846465026525035,-2.2318278538880105
-1.152958440715699,-1.736496070811024,-2.4834345374645928,-1.166081378495102,-1.211668879146684,-1.9352817092821666
-1.165741938831096,-0.8886819496771826,-2.6513334671996875,-1.1660814185867305,-0.8919257457410795,-2.654721464460439
-1.1538264785211438,-0.7400960334407422,-2.725870033744769,-1.16608137977882,-0.8161840304399596,-2.8053397135885523
-1.1672256699235533,-1.8133250801623837,-2.1853927042958943,-1.1660813561317787,-1.4528692960455092,-1.8089166715483982
-1.1554809677722744,-0.6395739686142745,-2.4304664627606765,-1.166081418351518,-0.8882982051854905,-2.6902451379779286
-1.164398187670174,-1.7580184422753704,-1.9174477365840046,-1.1660813340220693,-1.6006033330986102,-1.7530363983975825
-1.1543043633432595,-1.4930973630898938,-2.6551273147344636,-1.166081412054282,-1.0169683559268252,-2.1578370394647055
-1.1692734174568993,-0.8332085210685896,-2.1999194673610645,-1.1660814424583321,-0.9031488392834913,-2.1586580880877126
-1.1678943172439233,-1.2006678243763402,-2.351197907538508,-1.1660814121909202,-1.0164850771465628,-2.15882927171407
-1.1504898135498671,-1.5391708476564676,-2.8159149536836896,-1.166081413610158,-0.983290078846991,-2.2353283997316793
-1.1665365065911344,-1.8254523600584283,-2.4511010865339378,-1.1660813713268727,-1.2880348143908633,-1.8897983332673138
-1.1549110453448634,-1.6674979485099435,-1.81846138707659,-1.166081333785494,-1.6038406751221017,-1.7519748955308452
-1.1666254966932892,-0.7146691954705371,-2.6839378168849137,-1.1660814424583321,-0.8380539003623476,-2.7741327149721187
-1.153290145329482,-1.1364484452704664,-1.9666008148453198,-1.1660813845349165,-1.1480141962482373,-1.978680596220897
-1.1638267407055547,-0.8710720355354021,-2.078721188725951,-1.166081413528641,-0.994448650248548,-2.2075812113037943
-1.1501164919021596,-0.9843678622126371,-2.113876228062827,-1.166081411908435,-1.0201924605014887,-2.151293034516056
-1.1521184247341465,-1.4847659271493532,-2.056398220540011,-1.1660813690448126,-1.3124918964310976,-1.8764675669586013
-1.1645058787615248,-1.5127191149423325,-2.128029715776143,-1.1660813715472114,-1.2858115536940753,-1.891037377223968
-1.167346410112844,-1.4833824086252254,-2.6624868364698817,-1.1660814123086445,-1.01137716191933,-2.169503600038401
-1.1568358944788022,-1.3639535410524153,-1.7967786080118024,-1.1660813610518572,-1.3988974206535558,-1.833275541485177
-1.1699228238023724,-0.9583408768135416,-1.8821831287902149,-1.1660814425725385,-1.2607646252059848,-1.8385102779118818
-1.1514638014478191,-0.9780342106455944,-2.5960112308871155,-1.1660814172597058,-0.9091977953467033,-2.524115443398735
-1.1639578714136616,-0.8037088366281788,-2.0504962870136128,-1.1660814424583317,-0.9481489770664973,-2.3239358873352667
-1.1584184278923493,-1.527728732588647,-2.162859837891686,-1.1660813726448742,-1.273904105223848,-1.897754120388783
-1.1617303665365106,-1.7635742148720723,-2.5443277905404424,-1.1660813803132282,-1.1924336115857161,-1.947803178993244
-1.157300145270171,-1.235335017615054,-2.0384563932629094,-1.1660813828336367,-1.1658780494590661,-1.9659124481386572
-1.152194693280134,-0.9043760845179853,-1.920167149411225,-1.1660814086051374,-1.0588656667092484,-2.0815229333985745
-1.1562826779120459,-1.052614609406916,-2.3331465999166623,-1.1660814139339395,-0.9764432967048512,-2.253589906482601
-1.1694337995123951,-1.6757965821470382,-2.6354988669236556,-1.1660814039938234,-1.0944878986357862,-2.028354264596722
-1.1651853700107915,-1.4359334362070713,-2.813946082610987,-1.166081414889828,-0.9565471841459752,-2.3132538014119444
-1.1637926031089416,-1.305481181494776,-1.6286881699857596,-1.1660814424583315,-1.4740655362444395,-1.7924335488426646
-1.1597689845417103,-0.9173218437094514,-1.70710177954097,-1.1660813828950607,-1.1654241311927178,-1.9662308243038769
-1.1601212984505873,-1.6898651450058946,-1.9359590843557826,-1.1660813397858916,-1.535794479905142,-1.7750408321859799
-1.1653754351981833,-1.339599856269043,-1.7301577129527048,-1.166081442458332,-1.5065421934881702,-1.781564618047834
-1.1692993548795947,-1.1722089022494986,-1.9362803004844011,-1.1660814424583317,-1.7150133842173463,-1.7112027553678189
-1.1669399674126746,-0.7980214488958978,-2.5543625501139218,-1.1660814424583321,-0.8379695993873604,-2.774130439915661
-1.1537564948513093,-1.1598638976169864,-1.8469788286316153,-1.1660813765646423,-1.232135235168231,-1.9224622193212855
-1.1668245598538476,-1.1566006451188133,-2.894316866164028,-1.166081417963989,-0.8956585291101766,-2.6217773607983585
-1.162505229688302,-1.5663908268489357,-2.2553504222067087,-1.166081375642664,-1.241948397451538,-1.9164883368920451
-1.1561793639815117,-1.164001168420779,-2.846717204603282,-1.1660814176365297,-0.9019208320534569,-2.5729888872389446
-1.1540240640144932,-1.9640955166472867,-2.589211265425384,-1.1660813709343527,-1.2922224034661505,-1.8874771474589473
-1.1571957385298521,-1.4960433458325646,-2.0571839704032535,-1.1660813683956222,-1.3194687868141208,-1.8727616540914072
-1.1576298586527982,-1.3101339827626148,-1.5435791785058817,-1.1660813400690766,-1.5327660281374786,-1.7761059648393198
-1.1598714311988678,-1.9416578581532988,-1.9225059725876656,-1.1660813537635524,-1.737170969208414,-1.7089307817784105
-1.1649643591815322,-1.2277650015951682,-1.8150862700910775,-1.1660813707071789,-1.2953996262806533,-1.8857268710110646
-1.1681000514163624,-0.6527168343182875,-1.9479475865053102,-1.1660814424583321,-1.0203297426412345,-2.0151070840713885
-1.1699805176464786,-0.9838981748564859,-2.7171527758215737,-1.1660814424583321,-0.8381029540946157,-2.7740931038904293
-1.162113662973114,-1.7181482051616168,-2.4087480351753046,-1.1660813753501647,-1.2450495625657108,-1.9146228002860333
-1.157253937141157,-1.6570648591877015,-1.557343213954601,-1.1660813405559,-1.7846954647856468,-1.6906462794500834
-1.158936259034689,-1.1320036693246431,-2.192674347948663,-1.1660814096757197,-1.0461021172972957,-2.1029549557353744
-1.1525524137299212,-0.9303842690274678,-2.3124927420405905,-1.1660814151820535,-0.950557217354085,-2.333562276753798
-1.157755382313119,-1.6987358775469596,-2.3732425908812953,-1.166081374477981,-1.2543404504957874,-1.9090962687196849
-1.1672253336957399,-1.6186871303895662,-2.3685710613395767,-1.1660813789635167,-1.2068169087128933,-1.9383955080478414
-1.15575231204392,-1.6867266317003273,-1.8742872852212253,-1.1660813360746012,-1.5778670939173665,-1.760589541761377
-1.151504222236288,-1.9298671808983578,-2.2814157991860218,-1.166081354512003,-1.470297665029977,-1.8014209841940345
-1.1654778859509962,-1.3444507903009861,-2.3823274198242683,-1.166081408698821,-1.0579207111190774,-2.0830626831551586
-1.15067784501033,-0.8821714671276415,-2.4713120475630364,-1.1660814170814064,-0.9126645854786671,-2.503160435013823
-1.1614112919590498,-0.8440492958820621,-2.8623612689039204,-1.1660813852737237,-0.8001605101324252,-2.816521869429745
-1.153087072650948,-1.3189093871472253,-1.7230440537771534,-1.1660813594229926,-1.4166060219006247,-1.8250827514393393
-1.1643474345221245,-1.0030225690284562,-1.7091289049217144,-1.166081442458332,-1.3757040986735776,-1.8347037056661137
-1.1509197436134102,-0.866027976161792,-1.7904361905802286,-1.166081404100255,-1.0941923341398656,-2.028741180499016
-1.1607394415914358,-1.2389024963313782,-2.869785057827488,-1.1660814172689757,-0.9090180588036726,-2.525239122459426
-1.1690830267373329,-1.705337249132381,-2.466938563912792,-1.166081379404549,-1.2021683777778096,-1.9414066471626246
-1.1669004618313668,-1.8973149684478443,-1.5518909977306738,-1.1660814424583321,-1.9204097910682767,-1.5711197123786764
-1.152362104543017,-1.1163562443229182,-1.6519574627900657,-1.1660813678830646,-1.3249864537167764,-1.8698601137887516
-1.1619904894610655,-0.9814917001699467,-1.892719018076579,-1.1660814017243197,-1.102174292238037,-2.0187652779028493
-1.1557665597729572,-0.7619161377389265,-2.564731679065804,-1.166081418381427,-0.8877331759661092,-2.6961406184937085
-1.163013448591993,-1.4487859223657042,-1.5680042710116633,-1.1660813409487387,-1.6199261924756034,-1.7467507593347684
-1.1585892828927775,-1.5550248463647875,-1.7404487763640568,-1.1660813362928142,-1.5751757117257046,-1.761495226153987
-1.157713156893151,-0.6567760963844148,-1.6354197758789113,-1.1660814079297874,-1.068800521597012,-2.0657563870620117
-1.154329071599981,-1.1897777175406858,-2.1731684511652056,-1.1660814073556587,-1.076177511065184,-2.0545193529599644
-1.167690430632362,-1.057488896934918,-1.55026406555084,-1.1660814424583321,-1.9215783343412784,-1.5711427016829767
-1.1665244669354233,-0.7134933627543233,-1.651118709653742,-1.1660814425725385,-1.2486718793799514,-1.845458329407233
-1.1692636343347946,-1.647043314473284,-1.9963744259187497,-1.166081442458332,-1.5282754539037775,-1.7734654491769648
-1.1526435768323837,-1.1520862737820132,-1.9982647988200448,-1.1660813853569556,-1.1394025679946782,-1.98501737073938
-1.1674888240288495,-1.1953165733739541,-1.635683458482027,-1.166081442458332,-1.8709940740876732,-1.5993592987037948
-1.1685361040471716,-1.4701230410156012,-1.6845608980612132,-1.166081442458332,-1.9188291035116372,-1.5733591219325265
-1.1522634832009284,-1.2590098755717567,-1.649845441621654,-1.1660813587730439,-1.4237013603987163,-1.8218565359492915
-1.1626350438440551,-1.4621181179781289,-1.5652347015515968,-1.1660813334825493,-1.6321588059099468,-1.742832737277983
-1.166148455620826,-1.6921729272683232,-2.810584658747585,-1.1660814106793649,-1.034515778888834,-2.1236983319999143
-1.1634061329347694,-1.5653640136525515,-1.7508757327789668,-1.1660813362968425,-1.5754448125513427,-1.7614045580336248
-1.1504777762795761,-0.7185102557648669,-2.8798904896261037,-1.1660813975984978,-0.727508569079521,-2.8892887276560537
-1.1629144273111927,-1.9083239997661,-2.012631946009655,-1.1660813300717259,-1.64585716838887,-1.7384999246642188
-1.1651044315332282,-0.7182886032382502,-1.7543492834860894,-1.1660814424583321,-1.0677134461244975,-1.9730067585112006
-1.1555426666974398,-1.3729296397960014,-2.3059465209281833,-1.166081402224712,-1.100225295746682,-2.0211219938937757
-1.1599797290461402,-1.2030258392533049,-2.331744276078129,-1.1660814116492586,-1.023656880792707,-2.144403374595985
-1.1693332479077567,-1.248407406656261,-2.700834704735751,-1.1660814157639277,-0.9388037582373189,-2.377470917880638
-1.1511174393006374,-1.1505427972605777,-2.310299985535783,-1.1660814122427627,-1.0128190361929754,-2.166455178416266
-1.1624064111130987,-0.9675247589082152,-2.0830003290160994,-1.166081411574477,-1.0245801001454773,-2.142591466054617
-1.1689401233747136,-1.5059485179161314,-2.3448024102613356,-1.1660813841391704,-1.1523768001659855,-1.9755164032895058
-1.1513059742103968,-0.7004379478182494,-1.818071811443211,-1.1660814119194647,-1.0199487782480066,-2.1517831176974855
-1.1527564555169725,-1.9580624045189383,-1.5238734781197565,-1.1660814041828393,-1.968081415500008,-1.534337789495708
-1.1573168705836103,-0.7088703069921322,-2.422414887227924,-1.1660814179398418,-0.8961133342972901,-2.6179798497778557
-1.1509306640414971,-0.7223530079813252,-1.6327189329074476,-1.1660814030060407,-1.0974816722004512,-2.024519971157355
-1.1554357026260575,-1.4080833917954783,-2.655682550859504,-1.1660814133040431,-0.9898139195706677,-2.218823345289487
-1.155343831690025,-1.0122809263687795,-2.6825198229722313,-1.1660814176003007,-0.9026175391728912,-2.567982536005772
-1.1649189676035263,-0.8011999102824018,-2.6569519979359635,-1.1660814058608593,-0.8792588692959747,-2.7384802433748376
-1.1666250221727055,-0.8700648078155929,-2.4039966779873008,-1.166081442458332,-0.8481825435746929,-2.763949744141038
-1.1539348724364247,-0.9587151612379115,-2.2165481150133854,-1.1660814136989208,-0.9814075955222855,-2.240249109141477
-1.160444400559016,-1.276695245787553,-2.2830088851589343,-1.1660814078399686,-1.0687550281223255,-2.065826889748461
-1.1542632935285089,-1.6810834969726813,-1.9117662609603379,-1.1660813388491287,-1.5465731083307523,-1.7712776299995834
-1.168253665794382,-1.325459659845946,-1.9481945146518647,-1.166081442458332,-1.461746343207987,-1.797920743034203
-1.153487678050166,-1.285025349261641,-2.050579193213407,-1.1660813806494896,-1.1888851436108758,-1.9501660894375101
-1.1624618758144385,-1.3029204365409823,-1.5721131741809824,-1.1660813549314213,-1.5076276423724333,-1.7859184635786645
-1.1666618953761705,-0.6997598178111846,-2.6869091810414867,-1.1660814424583321,-0.8371393497796721,-2.7746247205292556
-1.1662549928683354,-1.8773772191382085,-2.4568054680236613,-1.1660813684768474,-1.3186172465186063,-1.8732117363054288
-1.153212472682107,-1.226604705462951,-2.1396000508403636,-1.1660813887025778,-1.1044781503828431,-2.0120456510416433
-1.1626466597296383,-1.1445356687454589,-2.472706104036457,-1.166081414464695,-0.9653395354320652,-2.2855457136622483
-1.1540781476019566,-1.1070235504978543,-2.2860719099151696,-1.1660814125463896,-1.0061755444369562,-2.1807417794980077
-1.158553021024289,-0.7954096285381503,-2.8818176502751314,-1.1660813958934775,-0.7632023136739029,-2.848178899827316
-1.1638259080427293,-1.7545973550178848,-2.0240196522676968,-1.1660813498921205,-1.5213450028605118,-1.7804005316530844
-1.1688979182033816,-1.7268035857463375,-2.901103806278919,-1.1660814120819085,-1.016360508534979,-2.159085512486972
-1.153947885047796,-1.2741787934110027,-2.064047081642041,-1.1660813820149762,-1.174491177451037,-1.9599289052228601
-1.1622778999120607,-0.9677966404517462,-1.6616659285484678,-1.1660813776290744,-1.2229466708829355,-1.9281559481424986
-1.1595323317365782,-1.4932871143015052,-2.061461740072747,-1.1660813688191252,-1.31492373680249,-1.8751711023309667
-1.1697487868543257,-1.1780848424010126,-1.9427399148373166,-1.166081442458332,-1.7837647971197053,-1.6861941605024782
-1.16627795650199,-1.2600312340942748,-1.905235663605882,-1.166081442610841,-1.25291509925051,-1.8949699016731467
-1.155729820489432,-1.9086603154797217,-2.87604881490549,-1.1660814035951705,-1.095625809141185,-2.026879474379324
-1.1629247379248597,-1.006336768510931,-2.5230303516437687,-1.1660814164553917,-0.9249619520727499,-2.4380388959421153
-1.154335389638722,-1.0648143280088136,-2.2838482671808995,-1.1660814131255322,-0.9936413331840905,-2.209512037371797
-1.1580228832232908,-1.1038822145566922,-2.8935295455759484,-1.1660814182470356,-0.8902735435505843,-2.6704271970808247
-1.1534041234895949,-1.458601054581714,-1.5743433591722278,-1.1660813321111885,-1.6227898047294151,-1.7458293713000683
-1.151834294742678,-0.9134946067658282,-2.9182775363803954,-1.1660813821090121,-0.8096023959941807,-2.809767894423268
-1.1645284927845558,-1.8018514290994188,-1.5897721363377704,-1.1660814030563453,-1.8523530006684066,-1.6425182294475025
-1.1636287690530533,-1.223914247238608,-2.107152127463043,-1.1660813871633386,-1.1206254149795323,-1.9992726817056135
-1.1641650958849594,-1.0462305832230339,-2.2439896308121448,-1.1660814128472134,-0.9996700689721603,-2.195359768315837
-1.1552144944364742,-1.1583954952997515,-2.2719899070387006,-1.1660814112556344,-1.028056084273496,-2.135857642153787
-1.1531576200565252,-1.002852614572025,-2.112772326362372,-1.166081411353158,-1.0269650525478675,-2.1379564320707964
-1.159454959570563,-1.7100053568148748,-2.4265596605533153,-1.1660813768475733,-1.229130916073955,-1.9243130369005146
-1.1612498013304422,-1.8043209814955357,-1.7982618993352368,-1.1660813580004619,-1.7241796198585173,-1.7145586987999988
-1.1520816607035607,-1.161529038046443,-1.7134378373357624,-1.1660813687284826,-1.3158887979954321,-1.8746580208289947
-1.1611196207620174,-1.4044184982889445,-1.705546905147063,-1.166081352864034,-1.4887775838338972,-1.793655273124731
-1.1643210798939279,-1.381328302624575,-2.116686611920194,-1.1660813787432802,-1.2091728921368192,-1.9368798519445438
-1.1683496354659861,-1.7854815974175136,-1.8315665209084626,-1.166081442458332,-1.808031467310412,-1.6751818795756495
-1.1533316635305162,-1.8659741452848686,-1.7417251628044166,-1.1660813346599717,-1.809081099203024,-1.6823035328581137
-1.1651441265283724,-1.0518979713463534,-2.029271338751845,-1.1660814083295339,-1.0761339973403063,-2.054584523254885
-1.1610744929193555,-1.8800516260215057,-1.522900148721114,-1.1660813981066158,-1.9320069393132322,-1.5771645923095887
-1.1532457466880464,-1.602285901190931,-2.076197806488539,-1.1660813628992406,-1.3788316853238416,-1.8428122948553403
-1.1557562083979358,-1.9299091384721812,-1.8922800768872343,-1.1660813500775387,-1.7495149745984109,-1.7038683974890563
-1.1642833391573677,-1.9317046532749496,-2.595500139307477,-1.166081373264587,-1.2672832959361253,-1.9015489661096578
-1.16418828071841,-1.6063290622363817,-2.6553688106316335,-1.1660814086689812,-1.0580984877927664,-2.0827724556107867
-1.1554242729783983,-1.4760270789908736,-2.6520691106014294,-1.1660814122690386,-1.0122421211801003,-2.1676715088313685
-1.1677645928259366,-1.8528761068308786,-2.7944939149583696,-1.1660814008093001,-1.1059253847380117,-2.014345412323223
-1.1519526759892973,-1.1381482179601399,-2.163512837721491,-1.1660814085784188,-1.0591715323671107,-2.081026083030752
-1.1678337080793382,-1.1959923861628154,-1.8935260657363742,-1.166081442458332,-1.5283375488996633,-1.7720795133488496
-1.150397175463185,-1.0198182749789233,-2.6208211004741333,-1.166081417123884,-0.9118373096256225,-2.5080410053738587
-1.150403418761197,-0.8527418027304583,-1.9584654733936557,-1.1660814114274973,-1.0261340499405462,-2.1395640416512594
-1.1606402214376903,-1.1201084795629985,-2.76452196937157,-1.1660814173991558,-0.9064972588755689,-2.541416946666462
-1.154149552577037,-1.388206440565682,-2.6167226822441565,-1.1660814130592414,-0.9950668707088107,-2.2061102623302324
-1.1685921645818798,-1.8091983690108573,-1.7110846152743595,-1.1660814424583321,-1.924342874001437,-1.5694979141232828
-1.1658360015929117,-1.5417174638223152,-2.1144610159156754,-1.1660813689831229,-1.313391588338454,-1.875987326895415
-1.1505113419792492,-0.8567749857932816,-2.5767397649872015,-1.1660814179389294,-0.8961297437221653,-2.617843651044991
-1.1516800953555355,-1.0520773987338865,-1.8798495379700122,-1.1660813846085891,-1.1472421025499104,-1.979243778459533
-1.1649220179379727,-1.1147307693880286,-1.6429354197941402,-1.1660814424583317,-1.6739437689019956,-1.7264673443737688
-1.1574088420363222,-1.0712203335702204,-2.5310001279203505,-1.166081415909865,-0.9358267749476677,-2.389589096357244
-1.1564024444039738,-1.566381126274254,-2.2794181793416004,-1.1660813770099783,-1.227407742099574,-1.9253793197346052
-1.1677546565744894,-1.6200429834738435,-2.095165426976305,-1.1660813629883706,-1.3785557207136525,-1.8429454004821222
-1.1596981903639687,-1.2663707758182046,-2.7491003805011203,-1.1660814160453161,-0.9331144211483772,-2.4010326579155317
-1.1527607234342507,-1.2027105167784944,-2.2742260010486195,-1.1660814099068715,-1.043343664255296,-2.1077761864091977
-1.1587244566447739,-1.4373384317983535,-2.2233687645419873,-1.1660813814057929,-1.1809076475990972,-1.9555410619081044
-1.1582739148532393,-1.5571975130315945,-1.9843446766489385,-1.16608136018205,-1.4083468587323738,-1.8288784371053541
-1.1621380202733804,-1.6135537689007304,-1.704211756469375,-1.1660813299766257,-1.6462613106072164,-1.7383729564323513
-1.1565290420300987,-1.905351150058117,-2.8820900154633007,-1.1660814051786668,-1.091617425499121,-2.032190380822896
-1.1698477752627132,-0.6874098757491658,-2.6853773641657073,-1.1660814424583321,-0.8415481869695497,-2.7724790316996746
-1.168705516139884,-1.8476249940745793,-2.528067237907666,-1.1660813744445475,-1.2547576597179908,-1.908850263441704
-1.1635123868577577,-1.6014689322593219,-2.3305890035872863,-1.1660813778309866,-1.218707734921329,-1.9308162077280697
-1.1657684015968663,-1.3076049651308752,-1.838571874846632,-1.1660814424583297,-1.331252611121105,-1.861808770259814
-1.1518869804995633,-1.8561452264582026,-2.5843793637783516,-1.166081377142215,-1.226015178100307,-1.9262435564351732
-1.1535448387152067,-1.7403186743866201,-1.9434889216230902,-1.1660813369299177,-1.5682966785769024,-1.7638215025374249
-1.162713099442172,-1.1108063579607432,-1.8219699517262067,-1.166081378085675,-1.2164101030966605,-1.9322671894795789
-1.153512175275656,-0.7257829195049503,-1.6249583645164687,-1.1660814016382435,-1.102480905141602,-2.0183984713991525
-1.1513818042146515,-0.7513903349604517,-2.6959812974900768,-1.166081398714518,-0.8391089570743032,-2.7875985223750197
-1.1603561665103268,-0.8035884199792837,-2.2602424549247617,-1.1660814159937813,-0.9341518206365464,-2.396608683527399
-1.1608525960310816,-1.3003992471746348,-1.8111457741098718,-1.1660813659378864,-1.3461709651321985,-1.8589517835635376
-1.1586879577444906,-1.805656212318664,-2.0610670236769546,-1.166081340063175,-1.5328072496902827,-1.7760914436908468
-1.1600797048582432,-1.8858272387512716,-1.8482499711016271,-1.1660813504884167,-1.7481238101618788,-1.704426391192119
-1.1645101537361247,-1.2831858015802742,-2.630188757752495,-1.1660814146132423,-0.9622570318938212,-2.294996507755154
-1.1571934702965156,-1.3621841300798159,-2.0392831805485985,-1.1660813754827148,-1.2436393943783326,-1.9154697897280208
-1.1673229848090592,-1.8650041510390927,-2.4108680102342697,-1.1660813665190168,-1.3397183738658336,-1.8622362144555829
-1.1696204047292564,-1.6182751705755956,-2.6908977440752055,-1.1660814093900336,-1.0495974812332636,-2.096945514629939
-1.1678944129972384,-0.9970727783842623,-2.9112158817471236,-1.1660814049431347,-0.857985736932425,-2.7659471996450002
-1.1578082804668561,-1.3012369341513998,-1.7742564616448258,-1.1660813636551288,-1.3706676580067276,-1.8467729872535579
-1.166429575700066,-1.0848117960331072,-2.491975668133617,-1.166081415377084,-0.9466170381283326,-2.3476389377139704
-1.1543671118973662,-1.1043401317494248,-2.0617847256588986,-1.166081407244536,-1.0849922393658284,-2.0415769298267024
-1.1547324798787142,-0.6773356467934045,-2.60599457169709,-1.1660813998543031,-0.8450026029800963,-2.7811133875869007
-1.1690070932611336,-0.9354346077009714,-1.749338424608698,-1.1660814424583321,-1.9127497721408415,-1.5781824965263116
-1.1569520835071114,-0.741734102200112,-2.436123354826168,-1.166081417821487,-0.8983743466610199,-2.599725410250746
-1.157371050383992,-1.3893460482601987,-2.797248480774601,-1.1660814152399874,-0.9493749536869343,-2.3377231415626887
-1.1672315865778788,-1.874263759713421,-2.8384313806476613,-1.1660814033565512,-1.0963537254303954,-2.025947598275414
-1.1617963872017298,-1.3081053859149834,-1.5730373835482683,-1.1660813510907078,-1.5107264564785179,-1.7846638205899563
-1.1520488262276014,-1.3372965830807053,-2.726971709501737,-1.1660814150677332,-0.9528951749022361,-2.3254858181785316
-1.1586526912142345,-0.6350346390866236,-1.8193473797351896,-1.1660814129144645,-0.9982301808377895,-2.1986849401291537
-1.1651994083643953,-0.8438642845152002,-1.8014026325691173,-1.1660814424583321,-1.0740153577890807,-1.9692167053635588
-1.155710721284069,-1.4525325583579825,-2.699331832226748,-1.166081413267043,-0.9906058299369314,-2.21687504933311
-1.1543778967485583,-1.439281629604968,-2.2672162645368252,-1.1660813836891875,-1.1568904518836076,-1.9722743743571287
-1.1588972841295229,-1.4135677069353028,-2.6679071182372005,-1.1660814133901833,-0.9879731241435042,-2.2233972420298294
-1.1543497611335691,-1.3012661036872255,-1.658067991216041,-1.1660813565706118,-1.4478100233058728,-1.8111249621595407
-1.160264751101374,-1.6978606073823617,-2.927968035818903,-1.166081412892685,-0.9986590906920088,-2.197690928051381
-1.1595138610817155,-1.0304145909446716,-2.3371000505032433,-1.1660814142682896,-0.9694311498370511,-2.2734062454122044
-1.1574350410962129,-0.787953225311406,-2.2595429865629986,-1.1660814161394168,-0.93123670668382,-2.40919463300662
-1.1659827138201175,-1.8330218379537198,-2.8991367746575833,-1.1660814088817366,-1.0554932677628324,-2.0870514118744206
-1.1573544924571713,-0.9697479897350578,-1.6762572907002962,-1.1660813781479025,-1.2154476337865154,-1.9328769071679774
-1.1587246383459882,-1.7194866663335238,-1.85084915055057,-1.166081332363118,-1.6198435064499541,-1.7467774013068587
-1.1669913299613253,-1.590844974055215,-1.8033293769417214,-1.166081442458332,-1.5829519928739115,-1.743390312416218
-1.1626350307827857,-1.7365844467712361,-2.835347216230573,-1.1660814100153916,-1.0420916101669464,-2.1099880608956303
-1.1532442952739317,-1.7397205114353649,-2.6139472138427324,-1.1660813854608811,-1.1383227171500199,-1.985820648880983
-1.1548744328128318,-1.0276849044019933,-2.869488485475676,-1.166081418501872,-0.885463641199684,-2.720946321793148
-1.157240321159207,-1.0201177420880985,-2.535215678078651,-1.1660814164360822,-0.9253403407862637,-2.4362259674181903
-1.152658120209199,-1.282278577439558,-2.0249677079950366,-1.166081379386009,-1.2022330291535097,-1.9413645789496987
-1.160879726859247,-1.4443876941981828,-2.4225515099996735,-1.1660814071752703,-1.0827420484024555,-2.0448327386477883
-1.158647981163776,-1.8273587518179184,-2.6983032902331825,-1.1660813850766794,-1.14234160735057,-1.982840963126228
-1.1686671557078407,-1.2319726161913853,-2.5494211394087665,-1.1660814142941422,-0.9689757233439745,-2.2747355136467133
-1.1586139157357254,-1.0063567186163764,-2.439159890435328,-1.166081415673729,-0.9405775328997209,-2.3704572007164257
-1.1689197431502125,-1.7158156392220154,-1.9221345018645446,-1.1660814424583317,-1.678080118150692,-1.7236015857237756
-1.1545621151272307,-1.6717213726041606,-2.514231156005874,-1.1660813839191322,-1.154480263122265,-1.9740015691990231
-1.167272034925096,-0.8275881747945073,-2.734967722975608,-1.1660814424583321,-0.8379878943023958,-2.7742223140131963
-1.158652509053175,-0.9990163958299483,-2.0039749741146067,-1.166081408162395,-1.0645456177630288,-2.0724166067688707
-1.169870078080255,-1.920643368776544,-1.6380819100269706,-1.1660814424583321,-1.9273854037483635,-1.5666655794770272
-1.1563037693543416,-1.601431683286232,-1.5698084355676876,-1.1660813543238469,-1.7353644908018924,-1.709693802002212
-1.1507184730887432,-0.6906018961194738,-2.7445072148935705,-1.1660813920973452,-0.7772901743058633,-2.835048301396067
-1.1566746487932196,-1.060298774241541,-2.6386147876807127,-1.1660814169393967,-0.9154367353406071,-2.4873144601142547
-1.156371325829532,-1.626881655053552,-2.0407704270485403,-1.1660813591815251,-1.4192274264678904,-1.8238871235461465
-1.1559503862675833,-1.1527557942987054,-1.756932512075599,-1.1660813718166396,-1.2827793042746356,-1.8927348357599343
-1.1515002229261475,-1.8061219527800607,-2.744420283468018,-1.1660814006805662,-1.1064893608809514,-2.013692936955713
-1.15921642685727,-1.5593079047280636,-2.736335958929946,-1.1660814122297958,-1.013103899763346,-2.165856244768081
-1.1578144675179525,-1.5909439433747754,-2.584255902352267,-1.1660814072182204,-1.0793015813182512,-2.049873900351158
-1.1515614922006117,-0.81651879831685,-2.5779652753047504,-1.1660814181700654,-0.8917323417630656,-2.656521673191963
-1.1641129787476199,-0.8801111006732589,-2.685692011367503,-1.1660814183707686,-0.8879488207346103,-2.6938781110093877
-1.1660180234196478,-1.0792037636439633,-1.999797618717329,-1.1660814424583308,-1.0849925791031287,-2.0065525277023957
-1.152211439866685,-1.231402260564768,-1.6747633767108647,-1.1660813620480184,-1.3880654418751548,-1.8383893547752208
-1.1608681428384355,-1.4731874777759542,-2.3405370112192556,-1.166081385725072,-1.1355493370220018,-1.9878927396367714
-1.1514329708770328,-1.4692551034478276,-2.5806230529289698,-1.166081410767676,-1.0335274787707696,-2.1255297746897295
-1.1528370641560686,-1.4333536744196884,-2.6748682200865694,-1.166081413207706,-0.9918773452065449,-2.213770742252608
-1.153872388827594,-1.8631101430753652,-2.89039885479376,-1.166081407693454,-1.070721545006784,-2.0627930186826484
-1.1642328911234645,-1.8072482868332949,-1.903213626085852,-1.1660813297809345,-1.6486919663381594,-1.737610356039407
-1.1632993677407273,-1.8802947435181792,-1.5830679192516575,-1.16608138467369,-1.8979397740107533,-1.601497174449043
-1.1664164907264485,-0.9498462755291107,-2.6495694878208544,-1.1660814179899874,-0.8988164238673172,-2.5962716716256664
-1.1628483908049196,-1.7120852153615904,-2.0854029222045165,-1.1660813564697041,-1.4489859533959675,-1.8106103639368938
-1.1590043209502512,-1.8778013889837508,-1.6204395178636768,-1.1660813912599277,-1.8762068834612389,-1.618774148381702
-1.1531240145360517,-1.943323754190173,-2.8076843424152984,-1.1660813844471034,-1.1489467114483096,-1.9780016818114863
-1.1529373610854456,-1.9441699429660533,-1.8942921584414767,-1.1660813475237335,-1.7584754123120352,-1.7003445403681845
-1.167842137325386,-1.851446557233349,-1.5534815690389847,-1.1660814424583321,-1.926416117127997,-1.5679318949183387
-1.1501942326993628,-1.071443062758819,-2.832961653071287,-1.1660814181121322,-0.8928322427779861,-2.646412612066001
-1.165826873766995,-1.1522488209211743,-2.7297952474879015,-1.166081416902013,-0.9161735900592716,-2.483227811071347
-1.15615123660584,-1.099013493515547,-1.7885744337926373,-1.1660813768580618,-1.2290335757074566,-1.9243731781415987
-1.169191022088538,-1.7149013548247338,-2.1720189756291655,-1.1660813616614525,-1.3931575481712744,-1.8359754511702575
-1.1552855314117676,-1.9340724607137494,-2.079516151439431,-1.166081332682081,-1.6165198842082382,-1.7478501320687403
-1.154214111289337,-1.2032861148679923,-2.5339616114540764,-1.166081414463343,-0.9653656192859913,-2.285466889085123
-1.1654136959796613,-0.7771304953842672,-2.8537623822508045,-1.1660813951161033,-0.7676597229664609,-2.8438706862550407
-1.1634914150523297,-0.7143692787885172,-2.7007853770992143,-1.1660813803042327,-0.8151356586638161,-2.80603025608616
-1.1694380747378845,-1.7609593170651308,-1.533796679805187,-1.1660814424583321,-1.9254812155180139,-1.5669581298831794
-1.159461778163581,-1.4253845948452168,-2.7720781581207063,-1.1660814145357588,-0.9638616164304645,-2.290043072331388
-1.1600552097082963,-0.7343871507662407,-2.836270962100811,-1.1660814026122912,-0.7550727789741948,-2.8578759520918373
-1.1690347159563272,-1.2863189902688683,-1.595354258441495,-1.1660814424583321,-1.933203834334367,-1.5629620946268667
-1.1667778135832934,-1.6312581131953774,-2.8894400525192987,-1.1660814133129072,-0.9896249720395258,-2.2192899128973376
-1.150146273890748,-1.2179175068521308,-1.920161382071642,-1.1660813772756016,-1.2245899785153727,-1.9271304039966874
-1.1521541019136665,-1.6224317136086803,-2.0011130320916606,-1.1660813570336945,-1.4426847247526677,-1.8133772888078878
-1.150779382782423,-0.8103961877306467,-2.6564604190910575,-1.1660814056263153,-0.883419094794484,-2.732728788373281
-1.1621174203597875,-0.9203183439843798,-2.5014195414825005,-1.1660814170085205,-0.9140904298149242,-2.494914851209824
-1.1526080958742553,-1.5388034726276714,-2.4436067601459994,-1.1660813985837604,-1.116510057437548,-2.002544763375667
-1.1501105146306518,-1.3205458895608535,-2.5441047590250654,-1.1660814130327073,-0.9956381884321059,-2.204756733046211
-1.1651706747924628,-1.5827062579565423,-2.767914315557995,-1.1660814123327898,-1.010844637347063,-2.170636648521986
-1.1651241568094461,-1.874686365037097,-2.104877875050781,-1.1660813382434032,-1.5531149881834954,-1.7690144422792808
-1.150683219733303,-0.8743546102597424,-1.925773016754343,-1.1660814097392653,-1.0453120748640068,-2.1043285890445693
-1.1508358322760663,-0.7760153815056654,-2.2514785607973953,-1.1660814161797433,-0.9304315084379174,-2.4127576368616137
-1.1550497876626378,-1.0154724321093316,-2.5654720325463845,-1.1660814167309033,-0.9195242446774116,-2.4652595024769934
-1.1670935926862718,-1.7937537411159434,-2.0425764523376033,-1.166081339705793,-1.5371479183512746,-1.7745659288294604
-1.1641926014661421,-1.7806112544323587,-1.7328501314862168,-1.1660813494582003,-1.7519388223254215,-1.702903365280244
-1.1540110733494424,-1.5047463956783398,-1.894426007487793,-1.1660813580315514,-1.431783130486175,-1.8182199265415577
-1.1538535430761014,-1.1261523068854737,-1.5425363785128474,-1.1660813606965073,-1.402782068066804,-1.831460780294284
-1.1587663855292156,-0.6938144219839562,-1.8650414502432915,-1.1660814126959358,-1.002947605798743,-2.187913882658031
-1.1543508440172268,-1.074751065735916,-1.6967998386406586,-1.1660813730539252,-1.2695427931514924,-1.9002489652664472
-1.159423928328489,-1.558606468488306,-1.9978897821409107,-1.1660813609180771,-1.4003474113363388,-1.8325969889386422
-1.168543864375715,-1.7906852864992873,-1.951481340960441,-1.1660813548379871,-1.6006653214603839,-1.7530160435565263
-1.1507780080704428,-1.667058796038452,-1.8584173611961767,-1.1660813363872498,-1.574484198441779,-1.7617283323422908
-1.156643220811575,-1.4121025555682274,-2.9284203444109,-1.166081416293437,-0.9281693887851854,-2.422979068580447
-1.1559935513322397,-1.262506053947393,-2.404705744836948,-1.166081411913311,-1.0200845515030859,-2.151509966358347
-1.1636674475831374,-0.9164243476572306,-2.359403663978184,-1.1660814158149038,-0.9377563591683027,-2.381683777908038
-1.16088212885813,-1.5190828147902722,-1.6821457347968811,-1.1660813349436645,-1.5902343557402048,-1.7564595546281123
-1.1525258903187374,-1.9469621120615428,-2.678035206008977,-1.166081377074553,-1.2267341115207389,-1.9257970969563416
-1.1665511463019098,-1.8910409509362247,-2.874513341625259,-1.1660814068817247,-1.0886060073345059,-2.0364146555456397
-1.1578697506419986,-1.6479906879197581,-2.424684330503282,-1.166081380373137,-1.1918031257194286,-1.9482217791086403
-1.1611970053892273,-1.5471203174840706,-1.9704011660855771,-1.166081359982246,-1.4106168254535647,-1.8278308510360226
-1.1672435743587075,-1.1794801430802306,-1.728931949671737,-1.1660814424583321,-1.8326145586009004,-1.652692666123616
-1.1502196170202772,-1.4929055982889339,-1.846600681440545,-1.1660813558430387,-1.4556634983436896,-1.8077033714703836
-1.1691213111981638,-0.8932560175063459,-1.9658129653528404,-1.1660814424583321,-1.1125700536922327,-1.9360570764821436
-1.1696826336746684,-1.3318037373920786,-2.820054684527961,-1.1660814160706656,-0.9326261040325005,-2.4031358509189906
-1.1656287534765732,-0.7906036861837777,-1.8245366461424037,-1.1660814424583321,-1.0492483026712784,-1.9898253533692696
-1.157743551148144,-1.8192909384757252,-1.9909234781067766,-1.166081334676572,-1.5937037684503763,-1.7553102126699336
-1.1592616407710865,-1.2790334007260877,-1.977904898414553,-1.1660813769327691,-1.2282459427466232,-1.9248602178822956
-1.1657297056896643,-0.7040160822143446,-1.8385333273584052,-1.1660814424583321,-1.012757904081579,-2.023841566772617
-1.1665017041418517,-1.4620612995956679,-2.2416730099952007,-1.1660813810057848,-1.1852764610763087,-1.952586629005345
-1.1573901592752573,-0.805688428670361,-2.164065875976744,-1.1660814149832741,-0.9546280415945327,-2.319625033337277
-1.1697418895162472,-1.433369440929085,-2.3329768845456447,-1.1660813876656442,-1.116754297175666,-2.002289964984885
-1.169802371699127,-1.8252945633447832,-2.9288710387726264,-1.1660814100471737,-1.0417825637877842,-2.1105363171133
-1.1690726667912326,-1.5311207498471076,-1.9504901930612433,-1.1660814424583317,-1.6248780225122843,-1.7412696120807107
-1.162562863560543,-1.100083278348594,-2.6631850384165974,-1.1660814168061728,-0.918047383907491,-2.473058684317348
-1.152746009221515,-1.254437550196016,-2.70549419122711,-1.1660814157455381,-0.939129333614468,-2.3761722999731396
-1.159090241729104,-1.4413740967168391,-1.658578942558403,-1.166081338651037,-1.5486031094207244,-1.770573676148394
-1.1557020996691287,-1.9185550587284181,-2.4462847589188135,-1.166081365291099,-1.3529463983579928,-1.8555379535044052
-1.157298783374499,-1.3277895875538634,-2.6125646951682127,-1.1660814138332853,-0.9785657480460412,-2.247819815850854
-1.1657494069989371,-1.747756717621734,-1.9283961771045421,-1.166081335450154,-1.5848515282356064,-1.7582507554118902
-1.1547661187759617,-1.4919864513740013,-2.2633529127995327,-1.166081380462236,-1.1908634364172153,-1.9488466595841343
-1.1612977350299611,-0.9197301395754727,-1.969260020713215,-1.166081409656762,-1.0467166695214967,-2.1018903959709543
-1.1650410636113255,-1.1137363972274763,-2.5880546263691695,-1.1660814160303843,-0.9334198387318584,-2.399724019132947
-1.1509328932565244,-1.9136693426011693,-1.8133829845513323,-1.1660813384522415,-1.793279740306781,-1.6876427323481853
-1.159564152661017,-1.873195091863486,-1.8774063525203635,-1.166081323617711,-1.718944353773567,-1.7163000237854256
-1.1545476854516525,-1.9606149530086818,-2.795246535781153,-1.1660813827950802,-1.1662931489114936,-1.9656215687662506
-1.1606449239443823,-0.7123796258296087,-2.3725828785744745,-1.166081417621701,-0.9022162594711626,-2.570856714843657
-1.155031563751534,-0.918914142471726,-2.8343216817084587,-1.166081401752084,-0.8558814394986679,-2.7684875283271286
-1.1623884648443459,-1.2294533587188394,-1.6083489906057857,-1.166081359935765,-1.4308105947822065,-1.8186554238098895
-1.15743242797206,-1.796377252177582,-1.9467735585008228,-1.166081333378703,-1.6084320702497938,-1.7504752567502346
-1.1564558854613767,-1.449255690195407,-1.8755183568549425,-1.1660813604199962,-1.4057512682453204,-1.830080400087499
-1.1611386952561917,-1.6677214206599422,-1.9242100250827423,-1.1660813405055348,-1.5276499864794428,-1.7779131912837258
-1.1594550174158957,-1.407960904456298,-2.0322972619378366,-1.1660813723286743,-1.2772971094064949,-1.8958261868125577
-1.154472367491092,-0.7844425204736227,-2.317332146849336,-1.1660814166749678,-0.9206245537793085,-2.4595667282473044
-1.1687485843574175,-0.6553343733850562,-2.7405854812369057,-1.1660814424583321,-0.8396220253063807,-2.7737364223278496
-1.1692494622048608,-1.362140777003599,-2.8847156764115134,-1.1660814163690358,-0.9266774567581699,-2.4298984612883907
-1.16409564873035,-1.366054030839622,-2.173781775231942,-1.1660813827771195,-1.1665676601189285,-1.965429347254157
-1.1593279801386738,-1.5506955815500736,-1.85065256997409,-1.1660813523556879,-1.4940386560989132,-1.7914775541061205
-1.164308022490072,-1.29283614498709,-2.4712737281388457,-1.1660814124204713,-1.0089279400511568,-2.1747473958385313
-1.1688172350082446,-0.9451624704192415,-2.088547981030038,-1.166081442458332,-0.9959695452005064,-2.0418671362146203
-1.1555032025795045,-0.7011131598681276,-2.397146487127809,-1.166081417841656,-0.8979882662460541,-2.6027716194868558
-1.1625704003001505,-1.9792046476906293,-2.3674479342708015,-1.1660813566493393,-1.4469259164962314,-1.8115123864876328
-1.1579221292521755,-1.8465642711072796,-1.5416918928841556,-1.1660813835019002,-1.9014208490311728,-1.5989865402871035
-1.1560541393848713,-1.6451042137392609,-1.7476966890655605,-1.166081330730441,-1.6385154060669325,-1.7408150369507778
-1.1572247195035892,-1.7762359093533315,-2.005991255576632,-1.16608133851567,-1.5502803190924381,-1.7699931957720716
-1.1548592141786875,-1.832294162179147,-1.6291582594372134,-1.166081402308541,-1.8490253609555358,-1.646633075425823
-1.1671338361456143,-1.0557692334865894,-1.8129764511879447,-1.1660814424583317,-1.6202151598735681,-1.7404939885994744
-1.1597575752611955,-1.2826144549159628,-2.880222752032175,-1.1660814170113731,-0.9140304960672879,-2.4952573159340643
-1.165050093990802,-1.2511652852918997,-2.308821932922608,-1.166081409438636,-1.0491065996887496,-2.0977828715622917
-1.156367365342613,-1.9566741496514366,-2.064173712396248,-1.1660813301724606,-1.6450897760567602,-1.7387411490882945
-1.1677137885395938,-1.5157042006769856,-2.8117631421355784,-1.1660814138704483,-0.9777834453786405,-2.2499348242029633
-1.1570913532136091,-1.192540175916189,-2.0407510179650146,-1.166081385369502,-1.139271455406683,-1.9851147980684354
-1.1665408563640276,-1.916715733143259,-2.682642758407145,-1.1660813791090807,-1.2051619398255247,-1.9394643766281445
-1.159028425450503,-1.7492805820278803,-2.5495627802517604,-1.1660813814274027,-1.1806827027392186,-1.955693902610992
-1.1603826647530038,-0.8777182629558693,-1.8553980161595254,-1.166081407624902,-1.0729819017605684,-2.059340035191712
-1.1640752851048368,-0.8982981994166991,-2.3100878383128864,-1.1660814155117636,-0.9438984654796906,-2.3577147939871756
-1.1660837741503918,-1.5127624044551178,-2.379755561231977,-1.166081385617298,-1.1367291142210785,-1.987009690738769
-1.1551546672674355,-0.7919135576277742,-1.5678128881429432,-1.166081382430543,-1.1701909951319573,-1.9629026407869188
-1.1509268018713676,-0.9428793217166773,-2.306332577538433,-1.1660814149718732,-0.9548606020078897,-2.318846369736974
-1.1584736052231863,-0.9055335566293192,-1.946788865535697,-1.1660814093962464,-1.0494846543753888,-2.0971377887110814
-1.1592250258150905,-1.7085720103706108,-2.4448600999442474,-1.166081377965589,-1.217270563835846,-1.931723048526815
-1.1508181106168804,-1.2800506446898192,-1.7822559686152901,-1.1660813654613003,-1.35110109759069,-1.8564642114426406
-1.1670966573542854,-1.8246207155859224,-2.3020772426695286,-1.1660813625323276,-1.3829864597075912,-1.8408148098064852
-1.1647281608496518,-1.5571543533969294,-2.671737163677604,-1.1660814107461723,-1.0337658975636328,-2.1250870211269204
-1.1555763148865823,-0.9395392240826002,-2.5722957684156786,-1.166081417374407,-0.9069756538417222,-2.538284952217204
-1.1691816385218767,-0.9402540608304308,-2.3205613167912444,-1.1660814424583321,-0.8389906107089646,-2.774248850995408
-1.1608843902506372,-1.134303601583396,-2.577835279296923,-1.1660814157239427,-0.9395651789043991,-2.374441835402454
-1.1526353269535168,-1.1318990496679247,-2.1278047923152936,-1.1660814077254298,-1.0702895475663752,-2.0634570949541735
-1.1690599955862269,-1.5538101170128498,-2.5224520188589246,-1.1660814069514531,-1.088542021140531,-2.036505359112046
-1.1699958228720617,-0.9361512517899948,-2.37097255168991,-1.1660814424583321,-0.8389438214111176,-2.7749992370920356
-1.1521532339152476,-0.8493705101141356,-2.501540255773093,-1.1660814175306493,-0.9039587049788188,-2.558554615061931
-1.1665196685535404,-1.4883267459555927,-2.3374938813322887,-1.1660813847260605,-1.1461121364653948,-1.9800697425338234
-1.165812614525917,-1.9209205185548268,-2.8249862642855788,-1.166081386617656,-1.126217037351965,-1.9949626570065924
-1.1661755401365863,-1.2133591710711973,-2.6005309512841706,-1.166081415100955,-0.9522227450734098,-2.3277884818324757
-1.1546766462463747,-1.850465715511711,-1.9144253688649822,-1.166081327664957,-1.6737457912364266,-1.7298512245024844
-1.169607694223712,-1.0372723941992958,-1.8923574202225053,-1.1660814424583321,-1.828816611207369,-1.6558959484917746
-1.1567265488407674,-1.284941558437489,-1.8022829072935453,-1.1660813663540672,-1.3414813572168924,-1.861335578649461
-1.1552744638406254,-1.823719367318509,-2.8331609401624878,-1.166081407311655,-1.0770141426719388,-2.053268847486245
-1.1531075976522487,-1.2258241556751264,-2.1119834360439578,-1.1660813981503544,-1.1187518586345913,-2.0001523732383464
-1.1665657823190676,-1.521558831484768,-2.0953387626520708,-1.1660813691080365,-1.3121673379797494,-1.8766409828820345
-1.1657739158594187,-1.446953834925263,-1.8151991457073393,-1.1660813676528123,-1.4444606249587995,-1.8125951195537433
-1.1658525631210659,-1.2586106472510892,-2.7706002053186145,-1.166081416315794,-0.92772788875198,-2.4250115732077706
-1.1633045738057004,-0.8340472446095835,-2.5869127321233494,-1.1660814181227719,-0.8926446929690807,-2.648114541520527
-1.1616241150571123,-1.3611322684895835,-2.111829952210404,-1.166081379639671,-1.1995786672089561,-1.9430961927621844
-1.1632578048952467,-0.71544121410412,-2.230405323092689,-1.1660814424583312,-0.9066559766594738,-2.5234347985822714
-1.1687101343763047,-0.906570635243705,-1.7131888853857702,-1.166081442458332,-1.9282139470569326,-1.5668329242349064
-1.1582104068903796,-1.331339096624916,-2.0509014267502756,-1.1660813779680514,-1.2172466227444296,-1.9317381763064365
-1.1596788205913156,-1.5408019718669475,-2.63781778166023,-1.1660814102276946,-1.0396331875438352,-2.1143748504064965
-1.1510318297376951,-1.1453114890126437,-2.393115591574028,-1.1660814134611106,-0.9864603132986556,-2.227204376332063
-1.1504183132093364,-1.9114147158373762,-2.4235575770937787,-1.166081364375985,-1.3628491140688004,-1.850611298780469
-1.159700073487223,-1.2352243075639073,-1.7276333315351657,-1.1660813650149444,-1.3561516639025282,-1.8539352273524667
-1.1513251000617064,-1.5493050549658824,-2.822820456679524,-1.1660814135624302,-0.9843039935423419,-2.2327082640887848
-1.1658473700375598,-0.6589633521440939,-1.5749455595411637,-1.166081442458332,-1.845140121510372,-1.6369790145713854
-1.160253169961817,-1.4039065695800987,-2.374948429455065,-1.1660814072400367,-1.0848782511143165,-2.041741087364964
-1.1675204965088795,-1.8421188139723883,-2.91490514755887,-1.1660814090753617,-1.0531783972773912,-2.090900745656181
-1.1566727256296723,-1.2625342304474017,-2.9210173312430987,-1.1660814174512302,-0.9054907689196668,-2.548105306639798
-1.164007255903241,-0.707537135280611,-2.8024677457611085,-1.1660814030655755,-0.7575857323842384,-2.8547407246249494
-1.1623334547337922,-0.891511539886159,-2.0102979671615713,-1.1660814117964655,-1.022361218192719,-2.1469631872676573
-1.1615531858421722,-1.5112346995554968,-2.099127150287739,-1.166081369934573,-1.3029620517206704,-1.8815979426481297
-1.164887181918924,-1.349315809728612,-2.8944085067267906,-1.1660814165675164,-0.9227428753903729,-2.448876806510189
-1.1670699212609876,-0.8326303334484335,-1.6653536448911042,-1.1660814424583321,-1.8372361535812087,-1.645310699160335
-1.1670705918606532,-1.4504364078179333,-2.8964752287092033,-1.1660814156084096,-0.9418972183125123,-2.3653343271533176
-1.1587166955892523,-0.8720528039909998,-1.572153568389136,-1.1660813780497319,-1.2166793444829238,-1.932096828974485
-1.165371694434206,-0.7427492046453512,-2.427903445283003,-1.166081442458332,-0.837815922122635,-2.773577541227828
-1.1612708713367474,-1.628417232542604,-2.8508866808328315,-1.1660814128298211,-1.0000188020787792,-2.1945594599631986
-1.1547304298076833,-1.2815155251395325,-2.5797025169085384,-1.16608141402728,-0.974479467880628,-2.2590204314029707
-1.1540471633718357,-0.7542156917153127,-1.7146124111156893,-1.1660814072942598,-1.0776105223101125,-2.0523803371903995
-1.1686337597155623,-1.695724024070521,-1.8025792995558665,-1.1660814424583321,-1.8386285905642519,-1.6433619812436944
-1.1503177945967198,-1.491055665758514,-1.9738887009279835,-1.1660813637357785,-1.3697692440820617,-1.8472117699366668
-1.154559092274651,-0.8994001103466408,-2.1858377626483776,-1.1660814140920521,-0.9731196989954964,-2.262833783807296
-1.1568450290798076,-1.8992933440507849,-2.3179013431268607,-1.1660813587306809,-1.4241587333564987,-1.8216496521185945
-1.1680025228939575,-1.8782621981071639,-2.7891868109773386,-1.1660813870798854,-1.1213922654597883,-1.9986782416932014
-1.1599669098105745,-1.4174409123340734,-2.273305051430415,-1.1660813852442216,-1.1405825299535786,-1.9841418586963109
-1.1504052696147464,-1.9076535778815762,-1.7330373978749487,-1.1660814004139148,-1.8377305933477635,-1.660006736050826
-1.161069118211716,-1.5515746066649312,-2.6286916195585412,-1.1660814096042826,-1.046895107084257,-2.1015819411729026
-1.1608444635922168,-1.4927996866906887,-2.686224196893966,-1.1660814125071512,-1.007031360370352,-2.178866189276972
-1.1628705671371922,-1.5302364509769708,-2.724213399031126,-1.166081412491379,-1.007375740653332,-2.178114458598231
-1.1514682333383106,-1.3300034185923635,-1.5574383535033511,-1.1660813396286753,-1.5377046811308412,-1.7743707670818538
-1.1530277234268624,-0.6684836591928957,-2.741400510090222,-1.166081394799804,-0.767101933790574,-2.8444018152285957
-1.1565947643600547,-1.3335271299175406,-2.6300336925646177,-1.1660814139775835,-0.9755244007275267,-2.2561197512804547
-1.1637779364949956,-1.8805246566690705,-2.210623201099418,-1.1660813533186394,-1.483432578200806,-1.7958825957595428
-1.1640487563006878,-1.8014688030028556,-1.6711478024843531,-1.1660813341631766,-1.8114136769953217,-1.6815346638897495
-1.1593971031774943,-0.7487922488460751,-2.305319750609298,-1.1660814168778022,-0.9166460866663156,-2.480633772472268
-1.1562670669286728,-1.7646726687551761,-2.180417025999007,-1.1660813589216228,-1.4220752952797993,-1.8225931103444097
-1.1532579060137547,-1.809061832448497,-2.120470350330864,-1.166081352345181,-1.4940602098155442,-1.7914686619430655
-1.1503942248437489,-0.992729959092463,-2.060170184752102,-1.1660814100680106,-1.0414754171196197,-2.1110821099171715
-1.1505248864146964,-0.8191505725085685,-1.9380775049902015,-1.1660814118604879,-1.0212550795774447,-2.149164432849522
-1.1567516659031682,-1.2207322769692257,-1.9396411183137008,-1.1660813782078132,-1.2147062951828043,-1.9333473116493403
-1.156413364825388,-1.253806346013285,-2.0162251722975055,-1.1660813805527026,-1.1899058568141256,-1.9494846601824416
-1.1649957189553328,-1.6844456001363275,-1.54490900902435,-1.1660814424583321,-1.8415672783104302,-1.6417242815361899
-1.1532418442382564,-0.7674558442553807,-2.0175448679285903,-1.1660814137086375,-0.981202042374492,-2.240790898013527
-1.157125211067357,-1.6415456788521037,-2.5486233772008013,-1.1660813874310283,-1.1177299110667072,-2.00152692558031
-1.1676482946512279,-1.5520473274171087,-2.3597031378242628,-1.1660813823248486,-1.1713572272362025,-1.9620934880440213
-1.1698866640298018,-1.4966550653427477,-2.0691551790713767,-1.166081442458332,-1.4542924244569655,-1.8035748665462774
-1.1560953429010987,-0.6782643034529804,-2.851235118763728,-1.166081333221337,-0.719185610214501,-2.8939751386841244
-1.1650527920677087,-1.1390505399519941,-2.7537872364626694,-1.1660814171855294,-0.910641434521183,-2.515226643939321
-1.1652584706051572,-1.2579840447219335,-2.8676545161866707,-1.1660814171098266,-0.9121122868331949,-2.506410712164517
-1.1678479905019215,-1.232162400574548,-2.1220840090803508,-1.166081442458329,-1.1145361329041683,-1.9987829815449787
-1.1530339170005761,-0.7682496230938335,-2.0236669260239823,-1.1660814137762778,-0.9797705854507064,-2.244588821188447
-1.1542919264453084,-0.7226165817349808,-2.55702643672417,-1.166081418528138,-0.884970241564101,-2.7265958499933127
-1.1692235125344614,-1.557974314541759,-2.7994797940822886,-1.1660814131332085,-0.9934806917378771,-2.2098975922236126
-1.1674073388258934,-1.5021733983795327,-2.2568842052498232,-1.1660813795277254,-1.2009071763574735,-1.9422283801643585
-1.1571580278493563,-1.298217837022598,-1.9729652516171132,-1.1660813755109949,-1.2433409103741124,-1.9156493481602899
-1.15344133354636,-1.298691456936698,-2.45223208669548,-1.1660814120564922,-1.0169195855665112,-2.157937035506105
-1.1617063024010783,-1.626060770601734,-1.9937180713219875,-1.1660813563574421,-1.4502261051720016,-1.8100685323152303
-1.1500019208111998,-0.9170903570079507,-1.9284704784273097,-1.1660814084528752,-1.0607345116468547,-2.078498816145645
-1.1610620973402077,-1.1557595457192507,-2.447317351142284,-1.166081414014403,-0.9747510558152683,-2.2582640540305836
-1.1544788583716412,-1.2618233342492884,-1.5231670638012216,-1.16608135074277,-1.5117837655076374,-1.7842368315520896
-1.1637260079564615,-1.798234332873085,-2.730707245566195,-1.1660814001234951,-1.1089922142424273,-2.010832170566592
-1.1674936679816925,-0.8947781864209385,-2.903804016968359,-1.166081442458331,-0.8027019174734126,-2.806511500362805
-1.1610274011107582,-0.880532717151892,-1.648386228061432,-1.1660813825850698,-1.1771020558131298,-1.9581364133805248
-1.1514195135429792,-1.48990590358626,-2.406309003220146,-1.1660813998896686,-1.1100817372516616,-2.009603776038937
-1.165735156306092,-1.5191300852136087,-2.252359085027195,-1.1660813782790118,-1.2140764390183396,-1.933747505903157
-1.1532564329161061,-1.621539693511759,-1.525725698637116,-1.1660813415631452,-1.7807793267030738,-1.6920426361250278
-1.1632061126524513,-0.8531693648574281,-1.743925625696698,-1.166081442458332,-1.0815722247079493,-1.9745757189633928
-1.1681218396464403,-1.8818128782862633,-2.5356024342708174,-1.166081372817708,-1.2720954345306472,-1.898786457312029
-1.1545722654990356,-1.2636581027649907,-2.008139548114336,-1.166081379531922,-1.2006883658363188,-1.9423711548374967
-1.1523520909617913,-0.9497017939409995,-1.6017361097641838,-1.1660813750983403,-1.2477353831742624,-1.913015622322111
-1.1694459787823468,-0.94899849727458,-2.0658537276953703,-1.1660814424583321,-1.043840162392531,-1.9938038519986028
-1.15493226076959,-1.5091957294623188,-2.3131663470043295,-1.1660813822155278,-1.1723825727699808,-1.9613837251812698
-1.165313315901972,-0.6454129263569189,-1.8085922452116217,-1.1660814424583321,-1.0051106694389231,-2.031379948221327
-1.1619747545697925,-1.4083653556998297,-2.6824583645598414,-1.166081413651019,-0.9824231363627968,-2.237585401803025
-1.151610937291507,-1.131055865683772,-2.0892961565568204,-1.1660814072518786,-1.0851499338064838,-2.0413499647854
-1.1602605384355702,-1.1044294459590864,-2.555884405940607,-1.1660814158149768,-0.9377328238735917,-2.3817790643082675
-1.1520862533888645,-0.7118458408439166,-1.96203072162906,-1.166081413741501,-0.9805062222385833,-2.2426315636151544
-1.1517873671671204,-1.1597552695060378,-2.3355869151493907,-1.1660814124674852,-1.0078971506958656,-2.1769795574169835
-1.1516837926717276,-1.250724450521201,-2.302997870183413,-1.1660814092493255,-1.0510613974019931,-2.094460913703049
-1.16129078572419,-0.6707736603688162,-2.6102603511871854,-1.1660813988694743,-0.8398244605436392,-2.786824514958528
-1.1644398882415345,-1.0309650909409789,-2.184597056939639,-1.1660814122411347,-1.0130766216452076,-2.165913550597767
-1.1647836375889749,-1.7560008865774033,-1.8692801493066016,-1.16608133104618,-1.634286322884252,-1.7421560459037735
-1.1654166419274568,-1.2026677989198342,-2.863956288132224,-1.1660814174876117,-0.9047905328429542,-2.552840066063608
-1.1675673099003283,-1.1132885561958987,-2.027363845053684,-1.1660814424583321,-1.0774365274730262,-1.9725813854682468
-1.1597167172279779,-1.926870475508145,-1.7230125630890885,-1.166081402644066,-1.8511886312613437,-1.6439670939248108
-1.1609780253302477,-1.5044095184985316,-2.5352776549386746,-1.16608140825563,-1.0632350703492803,-2.0744954714856383
-1.1513422970147602,-1.439075678800367,-2.155121858556001,-1.1660813775002494,-1.222209410828322,-1.928617093146399
-1.1567883378507309,-1.940223256284229,-1.66950106178121,-1.1660813887716603,-1.8847913303424704,-1.611605499588731
-1.1641738356494313,-0.9058866241188646,-2.8568242281578025,-1.166081398772538,-0.8393536500687753,-2.7873342354724313
-1.1600062911818627,-1.242073248289902,-1.8703873688167405,-1.1660813729941824,-1.2702665099468424,-1.8998336589021088
-1.1606755878467168,-1.7968440906553411,-1.6216233265082534,-1.1660814000577375,-1.8357495693022685,-1.6622579435008495
-1.1631645300350735,-0.8278484223976003,-1.8373493683242732,-1.166081442458332,-1.0280541722945655,-2.1201383426206175
-1.1670770499526653,-0.7275666100903847,-2.551655945314536,-1.1660814424583321,-0.8378570350670456,-2.774493051466351
-1.1511570624751315,-1.3178834226280096,-2.3991462623765845,-1.1660814100476211,-1.0416981948684407,-2.110686148629747
-1.1529399707332448,-1.712847951286662,-1.8316251997734163,-1.1660813315965053,-1.6288455482130648,-1.7438893513919205
-1.1595136497159442,-0.9543796352457325,-2.596656150599137,-1.1660814174344543,-0.9058153529369697,-2.545933480645468
-1.1550228263959412,-0.9839465080110747,-1.5371692552795642,-1.166081369278464,-1.3100552720179317,-1.8777717263281437
-1.1679967519635293,-0.675355899721805,-1.9635668911815127,-1.1660814424583321,-1.0038196606504906,-2.031775337569924
-1.162940143244131,-1.0783157406494661,-2.362060600846744,-1.1660814139601021,-0.9758974372092065,-2.2550903846717834
-1.1572912974623057,-1.8179340161742674,-1.7441606949721602,-1.166081344018155,-1.7713291091829841,-1.6954844552220207
-1.1503682086236537,-0.7645950049472409,-2.258828772205269,-1.1660814163528794,-0.9269892107702875,-2.4284405089937073
-1.1618453739923955,-1.755768804805466,-2.866053654477148,-1.1660814103403554,-1.0383284149919907,-2.1167270558014133
-1.1580260884974982,-1.7419884855183403,-2.0912893430575714,-1.1660813548952491,-1.4661486665375114,-1.8031899813025294
-1.1574131404789378,-0.8091372888799333,-2.7448012707536007,-1.166081399755359,-0.8444724846147222,-2.7817069189483936
-1.156722145276305,-1.5030329865025727,-2.2492033252506576,-1.1660813790323892,-1.2059726668269368,-1.9389403312964946
-1.1699367504986316,-0.9751058760029053,-2.29761309029507,-1.1660814425725385,-0.73173992646423,-2.8284008536268117
-1.1657926451424294,-0.8879593495246991,-2.680675059621017,-1.1660814187973219,-0.8891170808265583,-2.681884281024344
-1.1611633946464444,-0.7697507436711865,-2.8849600420595953,-1.1660814017926762,-0.7498821184789771,-2.8642083685048645
-1.1582370313232113,-1.2717983467382403,-2.6260918192560716,-1.1660814147032657,-0.9603929639586095,-2.300846217722864
-1.1692927458443425,-0.9614770104459842,-1.711993338534482,-1.1660814424583321,-1.9160598311046468,-1.5750361401656892
-1.1648946179060164,-1.5440006356559652,-2.1495939659101717,-1.1660813708993878,-1.2927557750335352,-1.887182671261915
-1.1629521379857921,-1.9046024738633274,-2.7070944795298573,-1.16608138116871,-1.1834079982177577,-1.9538469411855526
-1.1613643942666507,-1.8566461379528674,-2.8072051752688134,-1.1660814017646233,-1.1019799567998478,-2.0189983048224214
-1.1654231124588603,-0.7900572900193229,-2.3120095781648775,-1.166081442458332,-0.8486938328806755,-2.763431662397127
-1.1621453377721351,-1.8171019628124614,-2.2478841581994833,-1.1660813596996422,-1.4136069104260094,-1.82645600279222
-1.1622517955156524,-1.5954712564920506,-1.6382585240913956,-1.166081326930284,-1.6810369445146967,-1.7276271189643728
-1.1511268588744672,-0.6710370656744091,-1.6706380034336885,-1.166081408431166,-1.0610523356694224,-2.077987275734235
-1.1551096829253746,-0.6953221678790835,-2.3609893440504073,-1.1660814176601961,-0.9014664346427776,-2.5762955970212973
-1.1614457836856604,-1.244643470204096,-1.5326185886355166,-1.1660813533720082,-1.4929267097427283,-1.791936623111064
-1.160383655223143,-0.8005976413014326,-1.5271990081628972,-1.1660814426055848,-1.1910691990701743,-1.9327671560823205
-1.1659245478076885,-1.8593815654614172,-1.6219713373485967,-1.1660813942011135,-1.8655189942157533,-1.628381544907864
-1.1631799629916204,-0.701937306918781,-2.3408861459073558,-1.1660814424583308,-0.8981762321947,-2.5875173470487614
-1.1624782326144338,-1.4221152265482275,-2.916323151135129,-1.1660814160878497,-0.932264627393322,-2.404701445202415
-1.1622730270690265,-0.854280175508636,-2.835263384167377,-1.166081377628368,-0.8220353378336653,-2.8015854398972664
-1.1559802266342654,-1.358225135887649,-2.1298421764354565,-1.1660813808047608,-1.187245635578201,-1.9512635896169463
-1.1661347772286044,-0.7434041156404245,-2.038334297140755,-1.1660814425725385,-0.7547485543154164,-2.8209349565530593
-1.158854310865655,-1.4365086679399157,-2.8001501613331374,-1.1660814147265322,-0.9599122695655788,-2.3023717267888593
-1.1560299627373343,-1.0964745280744999,-2.467528639748463,-1.1660814149804661,-0.9546842679879728,-2.3194366059724967
-1.1541791483528718,-1.318341410947156,-1.9708067071595357,-1.1660813741827687,-1.2574856452887997,-1.9072462385014692
-1.1624750019866028,-1.4137686763945023,-2.487134079946446,-1.1660814096801304,-1.0460402977810295,-2.1030622336907214
-1.1585939255549613,-0.9454226218490283,-1.540610712405812,-1.166081371860162,-1.2826384528493704,-1.8928138978965736
-1.1620319686781837,-0.933499845088604,-1.526805048993569,-1.166081442458332,-1.4265388533744408,-1.8151499272565974
-1.1575005748679266,-1.0000778991763912,-2.48265784148058,-1.1660814161537374,-0.9309502348725199,-2.410457853941152
-1.1559558967992256,-1.1263408187978707,-2.540716923811293,-1.1660814154314627,-0.9454795369225779,-2.351817381054255
-1.163483088056321,-0.846987196140857,-2.3474042791907253,-1.16608141637688,-0.9265488103605681,-2.4305019786968765
-1.1686566836629557,-1.8576251050382444,-2.7176294721171184,-1.166081384417416,-1.1492557142767268,-1.9777770220721669
-1.1556402713695368,-1.9254453413309562,-1.8015057921822244,-1.1660813342580938,-1.810779168383784,-1.681743343310465
-1.1580376026617245,-0.7840811138069153,-2.3175119806420006,-1.166081416679618,-0.9205343365549336,-2.460029804363986
-1.1644530447893484,-1.5583060036200131,-1.5301344862999364,-1.1660814424583321,-1.8275758563453304,-1.6571831204676253
-1.1696493739118432,-1.048513233942586,-2.5653532141841255,-1.166081442458332,-0.8419719667827301,-2.770259774171224
-1.1685320527065415,-1.6832253381706117,-2.2577690246878688,-1.1660813687245617,-1.3162388980783155,-1.8744720853015033
-1.160773173432775,-0.8240938451301603,-2.058722868523456,-1.166081413476486,-0.9861525863001831,-2.22798422260089
-1.1664500395150077,-1.5495977228684554,-2.4555679067222123,-1.1660813875901408,-1.1160994861884963,-2.002803094795564
-1.163628608588634,-1.101881409784857,-2.902086286942843,-1.1660814182985981,-0.8892989581978215,-2.680055768605171
-1.156725965537088,-0.8826259982962612,-2.4628925789571747,-1.166081417014687,-0.9139661123161623,-2.49562560582313
-1.1533838402394931,-1.9466187235788723,-2.33148563943778,-1.1660813565273094,-1.4482264670174019,-1.8109426303536886
-1.1524028347668247,-0.6618849915012519,-2.3677007557806977,-1.1660814179079577,-0.8967209463936985,-2.6129738851267983
-1.1508429902948156,-0.7007979525341748,-2.1015443905669136,-1.1660814154861208,-0.9443706285526398,-2.355942523375112
-1.158965780430403,-1.7490995256006046,-1.702447177398528,-1.1660813498895104,-1.7501987448150869,-1.7035952457786447
-1.1673666480136582,-1.1767528654312251,-2.722702188884087,-1.1660814166395155,-0.9213366726398303,-2.455934191266677
-1.1530269185747801,-0.6948940501487642,-2.134514642423613,-1.1660814158768085,-0.9364904372112927,-2.386848652700274
-1.154313059853269,-1.27564119906816,-2.676477035729457,-1.16608141521843,-0.9498146916383418,-2.336169372598771
-1.1677085756071417,-0.7472000154161913,-1.8824967082222188,-1.1660814424583321,-1.0827627748970206,-1.959562890990837
-1.1560972173732522,-0.8653962177714001,-2.178510083536327,-1.1660814144332152,-0.965992701666843,-2.283577528515494
-1.1510717222540312,-0.8963264604815299,-1.6118310341118138,-1.1660813788253324,-1.2081640200750436,-1.9375280269693773
-1.1591386495239624,-1.8989836742327975,-1.7359177408884807,-1.1660813993919819,-1.8322257018540467,-1.666192757636112
-1.1677428362869573,-1.056282000260115,-2.573454175479166,-1.166081417062329,-0.9252601827611252,-2.436609186901282
-1.1668525353410997,-1.4468069534910435,-2.5341505168979994,-1.1660814100727717,-1.0415738598319226,-2.110907080798888
-1.162642421914575,-1.8862889901964048,-2.6180197280422703,-1.1660813772629832,-1.2247210216368518,-1.927048760969082
-1.158405242863802,-1.0227818500425467,-1.7411368715301423,-1.166081378681681,-1.2098063268946078,-1.9364735376081113
-1.1602426759540623,-0.9393347730474013,-1.8511486649997777,-1.166081402003117,-1.1010802048353943,-2.020082778366455
-1.167640968282632,-1.5746571045500355,-2.2806451228183824,-1.1660813766053946,-1.2318712991422263,-1.9226244011790006
-1.1668626534447628,-1.3392636890599792,-2.0761453847744495,-1.1660813789943685,-1.2071623291924671,-1.9381728541590508
-1.1637101422182503,-1.4518638473959706,-1.8139960656326175,-1.1660813565381907,-1.4487295774244995,-1.8107224879198356
-1.1563716226291842,-1.3873337056527673,-1.8282843450256683,-1.1660813614803978,-1.3942182407138133,-1.8354748529662712
-1.1683376584512049,-0.6898089428346529,-2.7556702032871803,-1.1660814424583321,-0.8372071258717397,-2.7752358354612063
-1.1695982778911271,-1.4605743373573685,-1.8187714103620032,-1.166081442458332,-1.8667804836135173,-1.6121335027487989
-1.166195089354436,-1.2258011623120235,-2.5245525688410133,-1.166081414065467,-0.9736880674904883,-2.261234464599237
-1.1564533047790502,-0.9289594843625297,-2.865475828447441,-1.166081400136823,-0.8465342182502286,-2.77938722046092
-1.1515149432130583,-0.7084201692238552,-2.6237210768738874,-1.1660814010574971,-0.8517325755051965,-2.7734029195192407
-1.165510070264009,-1.0504926953385767,-2.047423471753547,-1.1660814099538301,-1.0684966463028012,-2.066227600584863
-1.1637585369654575,-1.4397234328224198,-2.434354526676735,-1.1660814073655954,-1.0761257164444618,-2.05459692636097
-1.1587066500687961,-1.953328432621174,-1.7286630130315725,-1.1660813952516196,-1.8612257632928915,-1.6324669008099608
-1.162634770244444,-0.9082517116616122,-1.9921509226624847,-1.1660814107621205,-1.0344022658602599,-2.1239081682658743
-1.1559504807556569,-1.7439299477741148,-2.337716208550534,-1.1660813696708752,-1.305767134578445,-1.8800795048262255
-1.1566158622713476,-1.3530374493017816,-2.1703471075805814,-1.1660813833206538,-1.160757832175823,-1.9695217332148196
-1.160882755751046,-0.9506808992882393,-2.0474281371727674,-1.1660814110304911,-1.0306395951187841,-2.1309405546229914
-1.1591683555996473,-0.7423126225454593,-1.5402249730473154,-1.166081384206647,-1.156348233590026,-1.9726621504375643
-1.1618727147065102,-0.9095444763159799,-2.6510759993595916,-1.1660814180445778,-0.8941192505091458,-2.6349652391278404
-1.1505011811583565,-0.9313247576880657,-2.4081136968913133,-1.1660814161285398,-0.9314523409096002,-2.4082469654870753
-1.1526399502495819,-1.1979568592067373,-1.9405675580186008,-1.1660813795904514,-1.2000702140622128,-1.942774836249974
-1.1553706155125054,-0.9471283355209252,-2.896078651475121,-1.1660813991179766,-0.8411456528517745,-2.785385631169871
-1.1563933064314533,-0.7891316732676454,-2.8104838826752685,-1.1660813862451929,-0.7971062756454621,-2.8188129092672867
-1.1531670099382263,-1.6245429381740637,-2.4489413904160666,-1.1660813830508363,-1.1636007227313276,-1.9675128682208056
-1.1643531060543397,-1.6740288360527904,-1.7742272500209548,-1.1660813304772293,-1.6412200383560973,-1.7399602761241642
-1.1507460676499195,-1.2114895723594075,-2.147280894362292,-1.1660814035077443,-1.0958885774867995,-2.0265420827043545
-1.1547323487642214,-1.7235181597249434,-1.673721319659016,-1.1660813494784208,-1.751590625069036,-1.7030414438956756
-1.1599501983286564,-1.3434279533019315,-1.533198916777203,-1.1660813371950907,-1.5652336593605976,-1.7648626372256984
-1.1662181108663867,-1.1135422966965678,-2.1658419751369804,-1.1660814097195669,-1.0488307478038748,-2.098254363163638
-1.1532165279802613,-1.1687935557416664,-2.158065459441448,-1.1660814075106714,-1.0735066445698838,-2.058543580267524
-1.1620461382381893,-0.6778899358473087,-2.122686411464514,-1.1660814170672058,-0.9353467155010318,-2.3915857203877913
-1.1597802008157956,-1.9159058543287117,-2.3599591413150867,-1.1660813602406868,-1.4077074301925658,-1.8291741355272764
-1.1637142187691196,-1.2242528299753825,-2.2162354503546156,-1.166081407544603,-1.0734106327075303,-2.058689163090174
-1.1696509304917249,-1.1903618612043996,-2.9211785985887344,-1.1660814179440135,-0.8965571438157722,-2.6143159321885157
-1.1621891923219587,-1.8670960642724124,-2.3333504372400315,-1.1660813617202086,-1.3915938711129492,-1.8367148268809275
-1.166434065236916,-1.739991335770283,-2.063874351148341,-1.1660813533547936,-1.4834117996221023,-1.7958912839160546
-1.1565847260028372,-1.8984417923210297,-1.9843382286768392,-1.166081328940893,-1.6591042298680287,-1.7343634427366272
-1.1656689306784132,-0.8695165518534338,-2.2096541239515677,-1.166081442458331,-0.8979131422308255,-2.5904311619117046
-1.1575573313564453,-1.0025445966860413,-1.8556904000693557,-1.1660813860844823,-1.1318135697718026,-1.9907046542673303
-1.1693033809624473,-1.5329302039923687,-2.1756759369169045,-1.1660813741571214,-1.2693367973099894,-1.9003672725680747
-1.1614569049242394,-1.771429959339656,-2.4743305616071423,-1.1660813759167605,-1.2390210619912116,-1.9182590632422654
-1.1525678906437617,-0.9146717181688666,-2.7767783550439575,-1.166081405042114,-0.878714744283783,-2.739223296520792
-1.1611536575960288,-1.4271402921527354,-1.7498187597329744,-1.1660813541370831,-1.4747423185930604,-1.7995364229275685
-1.1527402975363266,-0.9225395264564366,-1.9788802751217662,-1.166081409825411,-1.0443158659464062,-2.1060688961764065
-1.161178134232899,-1.1327881698384554,-2.4753089734615847,-1.1660814146387564,-0.9617279991765227,-2.2966461442428576
-1.1586259500523612,-1.3243428253270055,-2.862161392655361,-1.1660814165152062,-0.9237751537508776,-2.4437907435199966
-1.1508446286060459,-1.4897331891173475,-2.5580465465346505,-1.1660814094151524,-1.0490870903691896,-2.0978161950623084
-1.1536023617968159,-1.7916831210832171,-1.6932067974243123,-1.1660813397248762,-1.7880866963367568,-1.6894505257218184
-1.1661755238529503,-0.8901592300943146,-2.121114631886811,-1.1660814424583308,-0.8842531713919213,-2.7117477155869274
-1.157910762668295,-1.4026455311761556,-2.414812425893948,-1.166081407842825,-1.068656570210211,-2.0659795249672097
-1.1508091902069815,-1.7300048233230627,-2.262239766000971,-1.1660813660617284,-1.3446274177316915,-1.8597344855680389
-1.1683698287608582,-0.8581164381036503,-2.1464860144670688,-1.166081442458332,-0.9155009380504149,-2.1424956841595186
-1.1691095247998677,-1.4868165739419226,-2.2350642616159684,-1.1660813792742244,-1.2043183409864022,-1.9400105576130622
-1.1594055816773836,-1.8653657361986933,-1.5308891157903106,-1.1660813771333038,-1.9192230940606945,-1.5871401325191759
-1.1698106906505727,-1.265680838126876,-2.6786693537812565,-1.1660814153732413,-0.947089601349217,-2.3459185290700013
-1.1596669384044727,-1.7463609838630028,-1.6587980691659816,-1.1660813420635276,-1.7788541445783883,-1.6927353631697182
-1.1585136146315147,-1.6696406991940753,-2.9248866118006753,-1.1660814132509731,-0.9909499931504556,-2.216031905915894
-1.1602636299676636,-0.7303391514230005,-2.574028979691983,-1.1660814055715494,-0.8829340035011918,-2.733405822239918
-1.162965497091268,-0.832042232805926,-1.8155669096354186,-1.166081442458332,-1.049334232438376,-2.0755550581382223
-1.1600381668101611,-0.8543779568550238,-2.812288083959718,-1.1660813978621325,-0.8349634112099014,-2.792010670293159
-1.1698154062263897,-1.6457369895855125,-2.710029105440884,-1.1660814090956952,-1.0530923405126158,-2.091044718988955
-1.156624392442438,-0.7740185864315553,-2.5479162481766533,-1.1660814182417103,-0.8903746985880618,-2.669443773352321
-1.165879502323438,-1.5679531818198096,-1.769642530624836,-1.1660813726955814,-1.5638334418504223,-1.7653396824349452
-1.150533812230626,-1.3786517613182803,-1.731388181880888,-1.1660813561026135,-1.4528776823869936,-1.8089130233196427
-1.1558938636415816,-1.2731475931946452,-1.873775174554924,-1.1660813712968265,-1.2883311398092245,-1.8896335402069435
-1.1686563797314544,-1.0639024711718506,-2.3109539960857783,-1.1660814424583308,-0.8905690997805268,-2.647897151279114
-1.1694597753066707,-1.53570516834815,-2.063927777312174,-1.166081442458332,-1.3953591656801654,-1.8283396218048764
-1.1650608872617814,-0.8912832178032868,-1.6666079107445537,-1.1660814424583317,-1.621354840282546,-1.7402297535711198
-1.1507755819925494,-1.5315418336192943,-2.447763190795605,-1.166081399691221,-1.1110210377699326,-2.0085525967314544
-1.1634191829759943,-1.5390853363009818,-2.3417162275766956,-1.1660813820700362,-1.1739205886575559,-1.9603219453144003
-1.1688351146262768,-1.2507812295903848,-1.693888576266357,-1.1660814424583321,-1.8819072007258808,-1.5900551527652436
-1.1549998851482821,-1.1812983469651548,-2.383371660666132,-1.1660814128225616,-1.0001759693319068,-2.1941994119167307
-1.1571547257548878,-1.2182083754829232,-1.933952591898072,-1.1660813780363983,-1.2165250491427158,-1.9321944474177646
-1.1645546688163158,-1.7709311092915572,-1.9976848944206955,-1.1660813383251087,-1.5522702738889775,-1.7693058004813484
-1.1660070063412717,-0.8960644263484213,-2.8946473171201585,-1.1660813810619008,-0.8127455565161207,-2.8076253859483273
-1.1571230572051412,-1.522897549518711,-2.369116931562885,-1.1660813844754268,-1.1486394944112739,-1.9782251953824146
-1.1516430684596857,-1.4208760248325694,-1.585740788068756,-1.166081335378533,-1.5857562557000366,-1.7579490138262006
-1.15971160155736,-1.3552042028472375,-2.862316631614357,-1.1660814162334343,-0.9293624568817753,-2.4175486153332906
-1.1536426749077595,-0.6956027575167756,-2.4040585068009426,-1.166081417914435,-0.8965973281629132,-2.6139861915833764
-1.156199151647717,-1.3728735309412343,-1.8802632210360997,-1.166081365525068,-1.3504167700687322,-1.8568083770102541
-1.1638070935295637,-0.7998581511306737,-2.2417605647939056,-1.1660814167846696,-0.9369536795907496,-2.384949237224477
-1.1654308416723966,-1.8345337927153929,-1.9822712852598707,-1.1660813330440003,-1.611611097230222,-1.7494409153049038
-1.160974026346261,-1.9167315548649424,-1.7152081533580008,-1.1660814024567152,-1.8499671966247526,-1.6454765024017988
-1.1666042838329855,-1.6191983395033676,-2.882107275633755,-1.1660814133826856,-0.9881338024854409,-2.222995455543415
-1.1597709497843613,-1.2446128687359,-2.2889223451157785,-1.1660814090175535,-1.0538862101780675,-2.0897189558806075
-1.1572238346744939,-0.7087225852461913,-2.321716558325673,-1.1660814173088436,-0.9082463141682884,-2.530108024153785
-1.1577970624459177,-1.3121842722017227,-2.506367494665905,-1.166081412631251,-1.0043276684509563,-2.184828391388786
-1.1578763634718015,-0.8488601725618573,-2.6913714672118996,-1.166081418538762,-0.8847731003573053,-2.7288805648553796
-1.1688841577128426,-0.9469588355744036,-2.3812614165318733,-1.1660814424583321,-0.8387534353114062,-2.773103186595614
-1.1575471190525497,-1.577542686997873,-1.5970889760084415,-1.1660813255325895,-1.697709926419228,-1.7225969674795754
-1.1683880690813153,-1.783721270161923,-1.7155784534365526,-1.166081442458332,-1.8815589813073803,-1.5973329763868958
-1.162821136739577,-1.0763132273732796,-1.8161405698356237,-1.1660813797863434,-1.198526255582499,-1.9437852807511777
-1.1669497442564536,-1.6465489748698992,-2.3338198965935613,-1.1660813753537027,-1.2451387966226148,-1.9145692769147127
-1.1624086751084235,-1.8041221885132481,-2.001357096574609,-1.166081336339768,-1.574640070176789,-1.7616757742184075
-1.1598600131393517,-0.9396608363348106,-2.1588744307984564,-1.1660814132030612,-0.9919807186992293,-2.213519646569224
-1.1534184473831723,-1.096570954852407,-2.4269147290847424,-1.1660814145153715,-0.9642847542856733,-2.2887491559363466
-1.1555337355837279,-1.5113639443970428,-2.643947993730981,-1.1660814113552327,-1.0269435855634692,-2.137997862168905
-1.1625916495509552,-1.2635368285947974,-2.0709364846730525,-1.166081383007169,-1.1641463843868398,-1.9671286877970975
-1.151447405783865,-1.664417851791475,-2.867192369220164,-1.1660814125315697,-1.0064986706313168,-2.1800323651576092
-1.1548245741087095,-1.5700302909981358,-2.3699006955747306,-1.1660813818427571,-1.1763085146533632,-1.9586801845604227
-1.1662548359426452,-1.5520517669900542,-1.796465843825363,-1.1660813402223664,-1.5326106760676876,-1.776160696632503
-1.1526983554843253,-1.0846960030835227,-1.782440972750181,-1.1660813773556533,-1.2237374583387424,-1.9276620398597766
-1.1620475248604536,-0.7486184590565195,-2.4721484399140676,-1.1660814179862844,-0.8952425819152973,-2.6252892153818848
-1.1657067983645104,-0.68581843289044,-2.7709711053112764,-1.1660814424583321,-0.7831181024630894,-2.8171920873178258
-1.1664061359102553,-0.6876091728636141,-2.292132910263782,-1.1660814424583321,-0.8383232832349649,-2.7740953815331855
-1.1505539751571658,-1.27374658719758,-1.6343096258415963,-1.1660813568739363,-1.4444499644214,-1.812599807310593
-1.16151750436627,-0.7340738010893237,-1.6457455817795537,-1.1660814424583321,-1.067903784290967,-1.9906616800146333
-1.169415310224224,-1.7216682859433492,-2.4684303767969094,-1.1660813785349982,-1.2113821681648007,-1.9354648918216144
-1.1657470683480742,-0.9186392618561807,-1.6659771409890034,-1.1660814424583317,-1.7677158799351798,-1.6915386714773457
-1.1564416361004415,-1.65732961073146,-2.5851529347477245,-1.1660814002855031,-1.1082522661543164,-2.011672173270673
-1.1643519839102805,-1.192933544872616,-2.2372533475628567,-1.1660814091118574,-1.0530363196682888,-2.091138475968511
-1.1648000320314191,-1.423156924636748,-1.8320457896626767,-1.166081359550866,-1.4165254452520715,-1.8251195715496562
-1.159402460322299,-1.892038090349272,-2.8751097373051384,-1.1660814067519158,-1.0887868348369423,-2.036158458840942
-1.1515491617422928,-0.791569317475105,-1.6018007746259475,-1.1660813842878806,-1.1506073948050248,-1.9767960853756446
-1.1601064499405713,-1.8425082156989236,-2.2460493072127425,-1.1660813579621703,-1.4325541535953856,-1.8178750752153519
-1.156653394388602,-1.8194968725034584,-1.8604494657329793,-1.1660813262507645,-1.6897892132377206,-1.7249770183138846
-1.1609904974686749,-1.8253878905136398,-2.748922238896303,-1.1660813991413008,-1.11369476399324,-2.0055983341799415
-1.15264353831899,-1.0418514560213041,-2.0949621257012105,-1.166081409562246,-1.0473831815501469,-2.1007397092049245
-1.165450569115372,-1.5570243743103065,-2.2767897827904657,-1.1660813774213235,-1.2231214407032052,-1.9280467269101123
-1.1575371758753046,-1.0173294534526334,-2.3412861932171403,-1.1660814144816305,-0.9649858964591651,-2.2866162673087223
-1.1660763576022701,-1.1042294316323376,-1.920683339356216,-1.166081442458332,-1.2122166289778096,-1.9258507069362283
-1.1501960293867624,-0.7790139003197021,-1.7050639519201947,-1.166081405116524,-1.091878422309503,-2.031833539428709
-1.1586441052378935,-1.6773765886741665,-2.0901839087731955,-1.1660813589797594,-1.4214459867899427,-1.8228786174683231
-1.1529208547977579,-0.8566938493786116,-2.863567721317876,-1.1660813830169594,-0.8069518707035803,-2.811614986811582
-1.1624036846156212,-1.030246032596171,-2.7106971579633985,-1.166081417659616,-0.9014785851106363,-2.576206742626301
-1.1689488899507825,-1.3680509008673067,-2.1587910230508776,-1.1660814424583192,-1.1752178532732012,-1.9571288000531784
-1.1577312189255053,-1.1363697747855404,-2.738428177722959,-1.1660814170934373,-0.9124302162555256,-2.504535777784826
-1.1642423381772122,-1.8606852988716613,-1.5666514882344282,-1.1660813854419902,-1.895658493456584,-1.6031790475058207
-1.1526342014982038,-1.3383988577234158,-2.347660712598155,-1.16608140783991,-1.0686756971417593,-2.0659498677341532
-1.1586043548758624,-1.3287224902093988,-2.7908886072803525,-1.1660814158221875,-0.9375871426095139,-2.3823694930831243
-1.1612574337348402,-0.9837954429438911,-2.2247766727333786,-1.1660814134660238,-0.9863608864088481,-2.227456143328719
-1.155953703044235,-1.4811755451738293,-2.3481924407538415,-1.166081385688616,-1.1359327328206053,-1.9876055124949419
-1.1641605641262442,-1.9449405040961647,-2.223084604966262,-1.1660813498911076,-1.5211634054671987,-1.780472979632964
-1.1507517299872951,-1.298148774921584,-2.236170951947585,-1.1660814032825777,-1.0965869441569462,-2.0256508255939933
-1.1658148710479204,-1.8823801148809682,-1.7473310626027885,-1.1660813336851668,-1.8174875674223947,-1.6795543980273584
-1.1677182827593857,-0.8630834185268358,-2.35223782850046,-1.166081442458332,-0.8321591134205661,-2.777318430882224
-1.1500933641287754,-1.7707384962480641,-2.1011613900544694,-1.166081353638691,-1.4798769444044113,-1.797372663480414
-1.1543342306564843,-1.907320478887955,-1.6410136230181158,-1.1660813897037619,-1.8816351349096192,-1.6141867119509377
-1.1570391113678962,-1.259383048749317,-1.8924670696710912,-1.166081373217437,-1.2677957568638771,-1.9012536711883958
-1.1571544860465783,-1.7693258258507996,-1.7973263650696067,-1.1660813255454314,-1.69776159675753,-1.7225814977398726
-1.1611364887964755,-0.9167184226311753,-2.3932484633072026,-1.1660814161323112,-0.9313805340427717,-2.40856223866117
-1.1550081577948026,-1.055769224535127,-2.262774471895777,-1.1660814129673485,-0.9970470862063225,-2.2014424692995083
-1.1550359011358733,-1.6150058193575765,-1.8366719342037372,-1.1660813384561062,-1.550944620213553,-1.7697635647658332
-1.1667464609963794,-1.5760835843143859,-1.7022092737817065,-1.166081442458332,-1.8220678479237309,-1.6614539271021787
-1.1604031046872798,-0.7193696091992504,-1.7627378058678522,-1.1660814099591388,-1.0457293314656901,-2.1036023976934497
-1.1562578432059363,-1.5856008069994059,-2.39177611118033,-1.1660813821503018,-1.173068915261647,-1.9609094804784575
-1.1606406462488525,-0.8761909279718674,-1.939427232767795,-1.1660814101312604,-1.041130022427639,-2.111696952170401
-1.1637312115125082,-1.2922911182454917,-1.9749227175336945,-1.1660813759945956,-1.2383997166565985,-1.9186361402917986
-1.15138016543952,-0.6921517569396928,-2.823396731560136,-1.1660814002789044,-0.7410821945853766,-2.874501854320303
-1.1583207681680647,-1.8350678474190718,-1.8622583525660472,-1.1660813253004272,-1.7005394383756656,-1.7217509000141014
-1.1618057869171323,-0.9749148933690668,-2.7642360587755412,-1.1660814182734107,-0.8897754775626652,-2.6753127064404527
-1.1544748642950853,-1.3667690114120359,-2.8826359856585633,-1.1660814163073905,-0.9278922191338532,-2.4242535884496688
-1.1646013100176626,-1.3785948410113575,-2.033557531124109,-1.1660813741923306,-1.2575963384289148,-1.907181316990403
-1.1605998703093074,-0.6353522125472868,-1.704287843138188,-1.166081442458332,-1.0083406066555995,-2.159259789805564
-1.1555819820601307,-0.6932318927567922,-1.8559087230298843,-1.1660814125750836,-1.0055536525364575,-2.1821114456000723
-1.1584219123784576,-1.788523071366313,-2.8158482733211243,-1.166081407785625,-1.0694249299956737,-2.064790244393692
-1.1504129370958858,-1.2508625378550429,-2.483722489785421,-1.1660814132004038,-0.9920339491406335,-2.2133904237795923
-1.1650468635531084,-0.8450698557951325,-1.530203606131741,-1.1660814424583321,-1.8377083055194645,-1.6452098772087826
-1.154987616951319,-1.0541701371939047,-1.7838996430774214,-1.166081379228932,-1.2038985750403757,-1.9402826697355768
-1.1544096085661126,-1.523700470767435,-1.8326377492851287,-1.1660813529840541,-1.4870603825997297,-1.794369207062864
-1.153776936639479,-0.995639340432853,-2.1621110185059234,-1.1660814124380612,-1.0085402035039344,-2.17558525860201
-1.153963667935988,-1.2990844650772337,-2.841126271191226,-1.1660814165605755,-0.9228791677745678,-2.448200767960517
-1.1664352454170341,-1.644336366807384,-2.8489121441592142,-1.1660814125697005,-1.0056681941775993,-2.18185874822247
-1.1684333827350453,-1.3766012363459033,-2.49533334186227,-1.1660814111344768,-1.0296001700140573,-2.132910021827019
-1.157053574527161,-1.3567403370158297,-2.818123507598707,-1.1660814158023722,-0.9379855260105905,-2.380757399122498
-1.160152397389117,-1.198710333443148,-2.4479806595570937,-1.166081413449226,-0.986714164015951,-2.226562452608527
-1.1593013802143797,-0.7583514540430223,-2.054305762240208,-1.166081414285161,-0.9690877301584552,-2.274408097341439
-1.152717059423744,-1.8647419696828926,-2.5646440349381026,-1.1660813755104251,-1.2433555971484485,-1.9156405107735153
-1.1587862099116233,-0.725548811802786,-1.679369460855684,-1.1660814074041228,-1.0797101070082962,-2.049271248879511
-1.1552483120422319,-1.337785684967339,-1.6697085056397674,-1.166081354935417,-1.4657502373700046,-1.8033603600890962
-1.157257670305253,-0.8744673737613561,-1.666737978374851,-1.166081383126445,-1.1629097488786313,-1.9680000022683992
-1.1524143120603962,-0.7927793658559444,-2.692321958558958,-1.1660814024743187,-0.8604200068133523,-2.762968849172378
-1.1536020771314854,-0.7804523374917649,-2.69146727675672,-1.1660814016231082,-0.8550956135443621,-2.7694280302360226
-1.1692202205320728,-1.6212075421547265,-1.6228769666038323,-1.1660814424583321,-1.9283183903986167,-1.5668915515582782
-1.1527045517097994,-0.8264571226611641,-1.6579238433979229,-1.1660813853444814,-1.1395365174391987,-1.9849178651808
-1.1596109063295903,-0.7054890040871395,-2.6408341253575105,-1.166081399382352,-0.8424828357253554,-2.783916567613623
-1.1582148221785282,-0.893620623812886,-1.6511669754429927,-1.1660813811826003,-1.1834156512835023,-1.9538417691972023
-1.1613829285656943,-1.6804110356605384,-2.341688100283166,-1.166081373763777,-1.2619556535463468,-1.9046347127869485
-1.154752406913688,-1.7139188075460963,-2.2453868705848485,-1.1660813660580116,-1.3446608858085844,-1.8597174948112363
-1.1617054570591763,-1.855437710007672,-2.472176750676395,-1.1660813707258204,-1.2944454584181508,-1.886251527777388
-1.15233318265946,-1.5675423516923337,-1.929455491166788,-1.1660813561485184,-1.4523494439960378,-1.8091428964904928
-1.1658001828697495,-1.3892375856147667,-2.2823649918606406,-1.1660813872962634,-1.11923002945841,-2.000357106656818
-1.1528270773117146,-0.6666148276081718,-2.894491534103519,-1.1660813430147274,-0.6792736060084631,-2.907712915590986
-1.1506071592928315,-0.6999393777391933,-2.166511224187022,-1.1660814161291575,-0.9314400657477631,-2.4083008390569387
-1.168747740961461,-1.360943791022287,-2.919051312231259,-1.166081416671906,-0.9206900791778876,-2.459230800986418
-1.1643188187189375,-1.737903495102188,-2.675226522027135,-1.1660814008948548,-1.105555852228564,-2.0147745638469554
-1.1688601254538051,-1.938050756513623,-1.9819857303260928,-1.1660813288739398,-1.6914883541402332,-1.7244650007240225
-1.1641669174073397,-1.3163462923374851,-2.9000549345090505,-1.1660814168929354,-0.916346307850785,-2.482277205200908
-1.161825985607495,-1.170040716692316,-1.5675953331456831,-1.1660813620703003,-1.4165818243811956,-1.825093808747477
-1.1645789512411482,-0.6471006841651695,-2.4344378955224464,-1.1660814424583321,-0.8377407958490087,-2.774286605033463
-1.155299752809012,-1.5420442215743944,-2.918466034734936,-1.166081414818698,-0.9580109958063443,-2.308475807224206
-1.1569699251563947,-1.3821921585622807,-2.304426935362646,-1.166081400971136,-1.1052294208687632,-2.0151547525588316
-1.1532574837668585,-1.6261757480286327,-2.5113236141945663,-1.166081386310303,-1.1294361604578185,-1.9925067273212775
-1.1654278839762495,-0.9280990926107224,-1.6155056514038615,-1.1660814424583321,-1.8161661450161155,-1.6668466144905185
-1.157874526458637,-0.7882688798251792,-1.9102361061240956,-1.1660814119261098,-1.0198082375487336,-2.1520660993462823
-1.1503393928507775,-1.1730360446227115,-2.0285552452246622,-1.16608138580577,-1.1347081059789224,-1.9885238415288677
-1.156524611166991,-1.150505754742999,-1.5767478125204757,-1.166081361241457,-1.3969790340722605,-1.8341754454384793
-1.158699514971893,-1.5125147310252574,-1.9771367102576702,-1.166081362576967,-1.3823061318378445,-1.8411410608797119
-1.1613332188923622,-1.7128872609344183,-2.260394663333474,-1.1660813670162833,-1.334324649828283,-1.8650070568808503
-1.1685372400138765,-1.6705106547192083,-2.305872865994127,-1.1660813723111043,-1.277696299015505,-1.8956001049047941
-1.151674203137343,-1.2627532360923155,-1.5685903425437637,-1.166081353513548,-1.481248903210156,-1.7967969136238617
-1.1691131247504165,-0.692309562398039,-1.813339606860429,-1.1660814425725385,-1.2234339679566537,-1.8601763634808282
-1.1536577707632718,-1.7926943238623232,-2.799816557847758,-1.1660814072940144,-1.0773851220874555,-2.0527158654666415
-1.164521001577109,-1.7821385324109684,-1.8872150227388653,-1.166081330424911,-1.6411662137615701,-1.7399772649822425
-1.1679075903999618,-0.7665408048054725,-1.9562452397202872,-1.1660814424583321,-1.024554426189525,-2.0115265672771576
-1.1671844127555224,-1.5626976139310536,-2.8361650439743675,-1.1660814135541173,-0.9844818404849895,-2.232250819385549
-1.1669737834060685,-0.9149822313843717,-2.11003197511784,-1.1660814424583321,-0.9337078126330128,-2.130788152269044
-1.1697782003777892,-1.579034155584827,-2.6394068430516695,-1.1660814090745937,-1.053443867844896,-2.0904570088514394
-1.1516567023634217,-1.9175643871325323,-2.296127757936917,-1.1660813562181431,-1.4516104390906677,-1.8094647585573238
-1.153071990612632,-1.4044576316508195,-2.810696375969834,-1.1660814152149748,-0.9498852367796233,-2.335920790183902
-1.1608896519968883,-1.9707137256322595,-2.8278197638083817,-1.166081383989592,-1.153738729841296,-1.9745347976371261
-1.159943436490151,-1.9355620090089625,-2.6019373282459215,-1.16608137340399,-1.2657981755848733,-1.9024062358191856
-1.1550951364326687,-0.7629617843115863,-1.558397781100775,-1.1660813835644182,-1.1582783034790634,-1.9712839075597086
-1.1604290085601037,-1.6491972848407888,-1.704374232822119,-1.1660813276312636,-1.67362543204405,-1.729888065503542
-1.1540383847413742,-1.944664713236972,-2.6578770249657566,-1.1660813760666273,-1.2374395701309697,-1.919219677509101
-1.156465311505474,-1.9025994885601616,-2.193104765173837,-1.166081350779519,-1.511312381180207,-1.784427129315573
-1.1550786780824174,-1.0957612453363266,-1.9037611352098358,-1.1660813834360495,-1.1595465852472107,-1.9703813742278566
-1.1639020638468691,-1.134713782014424,-2.334714422253918,-1.1660814128229378,-1.0001766441534927,-2.194197866844515
-1.162407321378591,-1.311088996643188,-2.1582926949441927,-1.166081385036955,-1.1427880004029465,-1.9825116574566721
-1.1570455308435301,-0.9453816541963653,-1.6530391356566323,-1.1660813782734774,-1.2141190579859216,-1.9337204115571809
-1.163984498817501,-0.6514834038948493,-2.5541216986861652,-1.166081442458332,-0.8352987657313948,-2.775639348595776
-1.165080596697733,-1.7181598905552526,-2.4247167745831035,-1.1660813762608355,-1.2353769103781584,-1.9204767875729092
-1.1690471074833877,-1.146296110542932,-2.1669508516399874,-1.1660814424583321,-1.0231627912878634,-2.021684674775859
-1.155780011353803,-0.6438363857197632,-2.1373412998424106,-1.1660814163937205,-0.9261808344158464,-2.4322343976616283
-1.1599797871020605,-1.2562647305713983,-1.5712397174166506,-1.1660813541460562,-1.47481662038211,-1.7995050100580716
-1.1531998613062773,-0.9987537702248893,-2.0972450678452756,-1.1660814110129716,-1.0307734287944101,-2.1306878257280606
-1.1541061264840893,-1.1216191024050008,-1.9251022158831141,-1.1660813831282444,-1.1627794701823073,-1.96809192914243
-1.1521678952677086,-1.8129910176151665,-2.3770514417519517,-1.1660813677355308,-1.32658299694717,-1.8690253011278744
-1.1696676774440262,-1.4445297890089557,-2.3873959717269204,-1.1660814030756514,-1.0973064500741214,-2.0247404971477865
-1.1572778573753777,-1.7167644466578857,-2.1722351392533383,-1.1660813614739294,-1.394298252992645,-1.8354371217210719
-1.1664669151671179,-1.2607036384366497,-2.562223244475791,-1.1660814140804177,-0.9733724018506132,-2.2621217489165737
-1.1632498041403136,-1.1654442510830285,-1.648406324620006,-1.1660814424583283,-1.3585288164919453,-1.848927791518551
-1.1546538183123911,-1.2247512791748663,-2.189533566566809,-1.1660814072088768,-1.0841935648965269,-2.0427288496775065
-1.1542985279960052,-0.9825107852129509,-1.9769340051774824,-1.166081407870882,-1.068298775962172,-2.0665347955686024
-1.1609534177706513,-0.7507049296345342,-2.0937492330779848,-1.1660814148403515,-0.9575931818727257,-2.309832522526864
-1.1636384461704725,-1.7591377697229968,-2.247580412181147,-1.1660813633552856,-1.3738857339303485,-1.8452060734357856
-1.1689995880434705,-1.6229275379122552,-2.6337710218002504,-1.1660814075653212,-1.0729649976215998,-2.059365724353782
-1.152702727465728,-1.312352929641463,-1.570077372912419,-1.1660813503702154,-1.515836932752861,-1.7826050949654324
-1.1633721190073618,-1.068930139868348,-2.7605219713712277,-1.1660814177177232,-0.9003634174062183,-2.584463426355857
-1.1526158068378913,-0.7304785451980975,-2.0776157858673177,-1.166081414895169,-0.9564368691982823,-2.3136167053480436
-1.1531647100597846,-1.3724231986899431,-2.1313529310218966,-1.1660813800671166,-1.1950354856653809,-1.9460813221224116
-1.1504664135018676,-0.9586277807829016,-1.7356553453637942,-1.166081382079759,-1.1738082513251316,-1.9603993822696586
-1.153571153964735,-1.9617432836626678,-2.338176456108835,-1.166081355965057,-1.4543775850807923,-1.8082611857313575
-1.165572974417339,-1.1501905962490286,-1.7750509096214029,-1.166081442458332,-1.4268220488645258,-1.8138348232078036
-1.1567132892534828,-1.5693596248093598,-2.1019843454502904,-1.1660813665097791,-1.3397822530883312,-1.862203538097715
-1.1502036892686125,-1.3799256585284356,-2.241390605860821,-1.166081385632961,-1.1365195055457231,-1.9871664072429134
-1.1636277851707133,-0.6676913942021742,-2.7730073097329084,-1.1660814021935768,-0.7522586472746826,-2.8613331056952576
-1.159235515241108,-1.117318717148647,-1.9275014612826595,-1.1660813835058732,-1.1588489728671139,-1.970877501999409
-1.1669955578390776,-0.9877799696512104,-1.9430855519035777,-1.1660814424583321,-1.0708083197823661,-1.9726553618120244
-1.1678109923983535,-1.2642258688140835,-1.5879462542302127,-1.166081442458332,-1.9229852157666,-1.5703945376987944
-1.1524345597849055,-1.6476025781345838,-1.9791671609758934,-1.1660813540498283,-1.4753641018371813,-1.7992736415065234
-1.1560901060895277,-1.028588895971284,-2.8915364408775943,-1.1660814052622817,-0.8804634760044798,-2.7368276757623264
-1.1597156097063837,-1.8394371246393253,-2.6402752535386034,-1.1660813812374218,-1.18268601506635,-1.954335228079404
-1.1657546691594443,-1.6790079236009623,-1.9514045559718793,-1.1660813503223821,-1.5169599261072901,-1.7821544249288614
-1.1664887840698166,-1.2930271296648366,-1.7657721707906566,-1.1660814424583317,-1.623011926332602,-1.7390358844811227
-1.1550523832348731,-1.3446243051768554,-2.1989440748736353,-1.1660813853347594,-1.1396353287631429,-1.9848444815769661
-1.1697356878029261,-1.466272225763328,-2.3964362487438393,-1.166081401437708,-1.1033410967935582,-2.0173748602208583
-1.1510498547617602,-0.721223593298411,-1.946085516117055,-1.1660814134072606,-0.9876088043994079,-2.2243100685592863
-1.1589564199383502,-1.884427446816582,-1.593281530430565,-1.1660813857283205,-1.894635241798989,-1.6039430067942189
-1.1644640087093614,-1.4688185622972374,-1.8642303544334955,-1.1660813585407472,-1.426875699753919,-1.8204233593793975
-1.1683465649773768,-1.144185180385474,-2.6989146734623493,-1.1660814167268425,-0.9196825816468506,-2.4644342068800924
-1.1554722474244428,-1.395101139910262,-2.616230787095538,-1.1660814129542292,-0.9973300015552844,-2.200780951167373
-1.1672726100546518,-1.1131218826947966,-1.8178567810939792,-1.1660814424583317,-1.6372672084140858,-1.7355279731981532
-1.1630875302104857,-1.4944996539415123,-1.5864191434291122,-1.1660813335107243,-1.641440516177245,-1.7398906954411988
-1.1620369696090616,-1.9021270752744024,-1.8675206200676921,-1.1660813509525754,-1.746572308771736,-1.7050523102713167
-1.162545103713108,-1.8674813484695862,-2.062890136618541,-1.1660813360454894,-1.5780013962338244,-1.760544412562861
-1.1663777572035343,-1.8401480567900488,-1.588286350268647,-1.166081442458332,-1.9095778400260865,-1.5808266499121915
-1.1558623060358095,-0.958909614268195,-2.8012305811404232,-1.1660814185171429,-0.8851766482109746,-2.7242206370670052
-1.162009760933589,-0.7967023099984119,-2.058042692497014,-1.1660814138406197,-0.9785205224740355,-2.2479417166626003
-1.1554395482911648,-1.972692409497494,-2.761100599774874,-1.1660813802232879,-1.1933939031016065,-1.9471666317796579
-1.1670173449678218,-0.7774969290886519,-2.057886641554638,-1.1660814424583321,-0.9141059933603871,-2.1450754962577228
-1.1588226457424884,-1.0657202148263099,-2.7694217845610316,-1.1660814177914114,-0.8989495000116381,-2.595239070572283
-1.1591057490780639,-1.662230645487989,-2.3412890777648303,-1.1660813748319347,-1.250567230964357,-1.9113295228401357
-1.1580523057733687,-0.749630656209683,-2.7274804327335995,-1.1660813779586177,-0.8211287400740513,-2.8021562031556253
-1.1596135828442957,-0.728270853196847,-2.1936771231416015,-1.1660814161071509,-0.9318873886213275,-2.406343290577221
-1.1509001625380313,-1.059779740762953,-2.785663832099637,-1.1660814179214616,-0.896463122979734,-2.6150887321708236
-1.1568781442669558,-1.0787796784832269,-1.948550606999427,-1.166081386783704,-1.1244874339927724,-1.9962898146058365
-1.1613977579774768,-1.3036444533482574,-2.057698657477054,-1.1660813799698926,-1.1961029306433377,-1.9453775117063383
-1.1670425445397425,-1.2621368635370898,-2.7008983139751828,-1.1660814156197121,-0.9416745238365328,-2.3661932271741217
-1.1580720021852637,-1.1043923849466961,-1.768514184332561,-1.1660813754023864,-1.2445631230008019,-1.9149147242366613
-1.1513519042376736,-1.401808831840618,-2.0223860144097854,-1.1660813721254102,-1.279462255120737,-1.8946018114571979
-1.1529221591623338,-1.3409842486534331,-2.5321148336391976,-1.1660814125701922,-1.0056567744923737,-2.181883933185545
-1.1625956927590115,-0.6558555510742563,-2.0420824450820465,-1.1660814424583308,-0.8916093580721043,-2.6382871204509044
-1.1634353217298017,-1.1644976652993324,-2.1396373774339312,-1.166081407283042,-1.0789919450182226,-2.0503314082277058
-1.1657824369775414,-0.8385173823295755,-1.7609456860654196,-1.1660814424583321,-1.1342270991129846,-1.9207143952913068
-1.1653500001361752,-1.8720749171711208,-1.7516062949435869,-1.166081335336861,-1.806531193974033,-1.6831495137793364
-1.1511653428155781,-1.7327340652615781,-2.3195641980936057,-1.1660813692915548,-1.3098478075157798,-1.8778830071613672
-1.1548806252380848,-0.6931903371756282,-2.2960722884730846,-1.1660814172424554,-0.9095329737597435,-2.5220301678663013
-1.1530620990044937,-1.845375036105009,-2.7964803786939427,-1.1660814018847203,-1.1015139481520269,-2.019558827369839
-1.1647118996873915,-1.95774175825238,-1.9507013017964154,-1.1660813562135348,-1.7294309768662917,-1.7122433801828723
-1.1523684851853022,-1.4983265725286965,-1.8645055427639203,-1.1660813566031138,-1.447392594040582,-1.811307826931939
-1.1639093586070717,-0.7288896355316395,-2.0028098334574698,-1.166081442458331,-0.8761117026820091,-2.6103333951685697
-1.1631526635339444,-1.8948570591291083,-1.640725900542563,-1.1660813916309958,-1.8749132683194298,-1.619895722888148
-1.1590358344817553,-1.9073294418780615,-1.5958268567247456,-1.1660813816679798,-1.9067779655276416,-1.595250871809254
-1.1591088058752501,-1.6395410253158533,-2.196458577508304,-1.1660813677681334,-1.3262217496690694,-1.869214007512582
-1.16705125492331,-1.174114062915082,-1.9515334155988058,-1.166081442458332,-1.2712879444893324,-1.8897654706165696
-1.1505088618581134,-1.294620711721867,-2.902098681101414,-1.166081417081458,-0.9126636688828096,-2.503165802665965
-1.1682713937618705,-0.6310371171712033,-1.5649496675525065,-1.1660814424583321,-1.8670114328041807,-1.5948250830168391
-1.1511718792473635,-1.7897976689158561,-2.033641640143584,-1.1660813393899114,-1.5405922609192881,-1.7733604383983395
-1.1555222333566384,-1.632780461727278,-1.9965653557951428,-1.1660813560892622,-1.4530440491680718,-1.8088406588369061
-1.1576598406783973,-1.5717963945323312,-2.778711162682585,-1.1660814126480126,-1.0039630427890445,-2.1856407989288624
-1.1535512813139799,-0.9047180875410779,-1.8006420028957744,-1.1660813885588879,-1.1059733034437804,-2.0108418865616313
-1.1688865438643132,-1.3853846929455589,-2.6771399926776196,-1.166081413889804,-0.977387734012344,-2.251009857344334
-1.1537888774761371,-1.7961163845922994,-1.9406743109161912,-1.1660813330175333,-1.6126863293697473,-1.7490918079650868
-1.1624018826056133,-0.9223448482344734,-2.2430977542823465,-1.166081414494329,-0.9647364669716452,-2.287373453270083
-1.1650680092676566,-0.8683179731706312,-2.879437520113185,-1.1660813837594959,-0.8048260140544754,-2.8131236955000376
-1.1669789453381392,-1.5796058505184702,-2.582772803331806,-1.1660814074199966,-1.0752147298651689,-2.055964319918448
-1.1556830786964138,-0.7550909896666889,-1.9787749640967092,-1.1660814133718866,-0.988365419055151,-2.2224171455524995
-1.152651122629183,-1.0815085960513882,-2.6019450048430643,-1.1660814164586615,-0.9248932731887309,-2.4383690227039096
-1.1534269021638441,-0.7300922275605847,-2.658906434370242,-1.1660814000410105,-0.8460117572196942,-2.77997793985826
-1.168650580132542,-1.1839654645380322,-1.8234718898405833,-1.1660814424583321,-1.8370872549243438,-1.64828116739656
-1.1677020062124863,-0.706848496146994,-2.0092283792522894,-1.1660814424583321,-0.9567754736801597,-2.0847522075946294
-1.1661053599481919,-1.61733073637112,-2.5943150300794273,-1.1660814073126478,-1.0863066546649467,-2.0396898992502432
-1.1596163933366679,-1.580197361233871,-1.94881963927107,-1.1660813565372887,-1.4481989800247672,-1.810954661888172
-1.1673088244799403,-1.693715005957793,-2.848403329365283,-1.1660814117727292,-1.0222791801093565,-2.1471259405517973
-1.1653111359043402,-1.6132694613581449,-1.7871739758182554,-1.1660813361380624,-1.5854014034572932,-1.7580673300418692
-1.1613853591232832,-0.7322946232292862,-2.8130793179365874,-1.1660813955041953,-0.7645958846520581,-2.8468161894112973
-1.1659608665246846,-1.3518969048694771,-2.6943202588521826,-1.1660814145240805,-0.9641062253187902,-2.2892944605311696
-1.1673765895307222,-1.1128156236238587,-2.4689165835377196,-1.1660814148314937,-0.9583016390435066,-2.3075353263379257
-1.1526337403718974,-0.6967832136298877,-2.6105946524634707,-1.1660814011325553,-0.8521713502430655,-2.7728889241880954
-1.1543588898065924,-1.1769774844969982,-2.2102294763077577,-1.1660814087671267,-1.0568697656557071,-2.084783643889704
-1.1688905956135254,-1.6802925876057158,-2.2937924622327515,-1.1660813710180031,-1.2915977796943214,-1.8878223397145932
-1.1661753219788211,-0.9663006977353406,-1.6411090213441168,-1.1660814424583321,-1.833537299914124,-1.650656430106038
-1.1550994431139834,-1.434223414477605,-1.9940141711833712,-1.166081368478163,-1.3185802472526928,-1.873231306257097
-1.1697675997574308,-1.3755708805458255,-2.321292715747766,-1.166081404526408,-1.0947592091567695,-2.0280005363389066
-1.1648383831353095,-1.3252867725104496,-1.765005732854597,-1.1660813821694722,-1.3932119255601039,-1.8359497730382726
-1.1540280378325818,-1.2425343937223954,-1.8766317987203958,-1.166081373318404,-1.266708618078611,-1.901880427809328
-1.1541423802807043,-1.1265230769638672,-2.651108960391861,-1.1660814164771758,-0.924526990357345,-2.4401352932655875
-1.167298615022689,-0.9855378815421029,-1.798678871842755,-1.1660814424583317,-1.7054776460146381,-1.7145560170284286
-1.150719294994441,-0.6425186616883131,-2.037111730660265,-1.166081415449302,-0.9451173049638576,-2.3531592049814063
-1.1538724883485112,-1.3098982516871618,-1.7053019253301278,-1.1660813589149082,-1.4221610853429094,-1.8225542079588477
-1.1625351795749288,-1.3823732246561282,-2.8086180282791195,-1.166081415436555,-0.9453763425196103,-2.3521990892540634
-1.1662138686304917,-0.7941796567003798,-2.291253106418534,-1.166081442458332,-0.8403665712178802,-2.771880623053489
-1.1573402118088931,-0.6855234041221098,-2.295674959029026,-1.1660814172962088,-0.908491577538321,-2.52855284378339
-1.169513614203265,-0.8260652431110297,-1.527012205355253,-1.1660814424583321,-1.923813462823623,-1.5694774280508537
-1.1539671407831311,-1.210150122573501,-1.892571967848774,-1.1660813761710136,-1.2363178653794114,-1.9199027165925546
-1.1638658734718665,-0.9908041980384237,-2.736402998293415,-1.166081418047128,-0.8940727061858128,-2.635372362907112
-1.1525653186920664,-0.8397917330217635,-2.8868219936040527,-1.1660813900963927,-0.784384264233415,-2.8289519708876507
-1.151465829000406,-1.6492497624586626,-1.6381125436098845,-1.1660814119710692,-1.7229640297301378,-1.7151030023269282
-1.1531748026120516,-1.4733577398357784,-2.683019355005836,-1.1660814127476389,-1.0017995048942365,-2.1905029980971515
-1.1623367187154787,-1.9750226746992001,-2.9106337392526864,-1.166081388148694,-1.1102478445483395,-2.0074245040012766
-1.1529936505210312,-1.2595915409887186,-2.181819510819566,-1.166081401562511,-1.1027813763029675,-2.0180400115767023
-1.153732838777276,-1.5192774071341641,-2.746591368570745,-1.1660814129633488,-0.997133258804846,-2.201240837960783
-1.1647862938613067,-1.6950312758654649,-1.8878624257170666,-1.1660813363757732,-1.5743181953040382,-1.761784315876385
-1.1613179539968994,-0.8692092280973949,-2.5961707527242566,-1.1660814179749623,-0.8954453080411302,-2.623572909396713
-1.168607113640939,-1.302310257953828,-2.250381948081276,-1.1660814053476778,-1.092393075021839,-2.0311351170028646
-1.164772688824703,-1.8364736905096177,-1.6497675418970161,-1.1660814011466132,-1.8417834566618059,-1.6553133057604612
-1.165071059837674,-1.838893507863356,-1.813924836994674,-1.166081353567071,-1.7380242064874136,-1.7085724553468804
-1.155901648622936,-1.265300219866183,-2.3590130834406837,-1.166081410502581,-1.0365027319047255,-2.120046829932378
-1.1591586053074705,-1.403894446914474,-2.067342964195907,-1.166081374595837,-1.2530891416771595,-1.9098352016705542
-1.158435096558771,-1.0493781063735375,-2.441945229167383,-1.1660814152375893,-0.949424162362716,-2.3375489026747984
-1.1687567968039179,-1.9607505778144048,-2.0590138603071875,-1.1660813295589605,-1.65202526275171,-1.736567424663167
-1.150895675091509,-1.4865129599010345,-2.8644569262719646,-1.1660814148637615,-0.9570830049663479,-2.3114967793759584
-1.1690568855081804,-1.556962261152989,-2.0481456493402224,-1.1660814424583315,-1.3657344434542842,-1.8409948707329227
-1.1516644019172861,-1.2535758414265796,-2.4435701827342733,-1.166081412608957,-1.0048126682197855,-2.183750882711058
-1.164452490185447,-1.5232735962732593,-2.629267112184999,-1.1660814105278026,-1.036219040238642,-2.1205657077607882
-1.1522535480126417,-1.3289086994626094,-2.1568447593040263,-1.1660813839546362,-1.1541046026104431,-1.9742715945361644
-1.1600229169485297,-1.2590453004705213,-2.372596713379356,-1.166081411119017,-1.0295852253048228,-2.132938424693118
-1.1521321447067951,-0.6443740639192626,-2.1357264027512537,-1.1660814163745652,-0.9265592155898755,-2.4304531235876916
-1.1617714226623832,-1.202643445481357,-2.245767278591267,-1.1660814090437674,-1.0536356102527602,-2.0901368812475836
-1.1580177671658405,-1.7272188092595897,-2.66232614605618,-1.1660814007129734,-1.1063457718471232,-2.013858775265844
-1.1530212075784816,-1.472121652114728,-2.25775808863846,-1.1660813812994582,-1.1820335121440395,-1.954777148866661
-1.151120427590298,-0.7488998806270228,-2.6678803242917004,-1.1660814009108775,-0.8508821784877134,-2.7743951661322734
-1.164318352602601,-0.8430570765361273,-2.3473895890352834,-1.166081416545379,-0.9258392134050488,-2.433850945605086
-1.1678717136772376,-1.3363249643545947,-2.367768315421553,-1.166081408569247,-1.060196154131362,-2.0793671259017033
-1.163539631628233,-1.3447984643665774,-2.759821232975598,-1.1660814153366277,-0.9474070192771854,-2.344767971015149
-1.1551059809646993,-0.9346600516344444,-1.6622247098113063,-1.166081379406481,-1.2020411788100585,-1.9414894303687964
-1.1588881256017318,-1.0709351916693506,-2.22473294346564,-1.1660814122077685,-1.0135892456845337,-2.164838296067519
-1.1534930435428485,-1.2788296006629962,-2.219504588949681,-1.1660814037816212,-1.0950781504541376,-2.027586415088203
-1.1561133163748216,-1.7158152879679092,-2.23250542770081,-1.1660813651691107,-1.3542594466921591,-1.8548804467096631
-1.1618921752482583,-1.915524796509422,-2.756506422727053,-1.166081383248818,-1.1615152235107375,-1.9689853398059964
-1.1628994621364497,-0.637159863421952,-2.4284521771440355,-1.166081442458332,-0.8587060974802612,-2.752677544291546
-1.1560984617472148,-0.9634693431077732,-2.3734149218150713,-1.1660814154605865,-0.9448887779396935,-2.3540085668175825
-1.1535224128594472,-1.6235218013519899,-2.614654371478344,-1.1660814071809982,-1.080743141375607,-2.0477522374061845
-1.152756656989175,-0.8351545773926201,-2.824651959858461,-1.166081379671895,-0.8164790370116889,-2.8051463926517424
-1.1506109084206466,-1.7074602483065893,-2.5731503743750554,-1.1660813850812448,-1.1422998667192856,-1.9828717721897848
-1.1640657578432236,-0.6756332261802126,-2.8479780209780854,-1.1660813335689606,-0.7195572655976513,-2.8938542282276005
-1.1541093680056602,-1.80829052533453,-2.226042880007478,-1.166081358926209,-1.4220289465340674,-1.8226141295736977
-1.1565129185469947,-0.8660261283632543,-1.5361821656538939,-1.1660813763585498,-1.2344879539480516,-1.9210200562809179
-1.1546858130539466,-0.7869507611056827,-1.5293854112722773,-1.1660813806022006,-1.1894589532115427,-1.9497828398389654
-1.1632960279596722,-1.9491792000966779,-2.245325506584555,-1.166081351005777,-1.508847829419427,-1.7854238645264942
-1.1664083630905528,-1.9400232833246598,-1.6338527559560287,-1.1660813954945093,-1.9045402721885853,-1.5967927251389664
-1.1585086384102525,-1.1994143542401494,-1.8707639569939094,-1.1660813755706438,-1.2427375423483573,-1.9160126146146188
-1.164351286980114,-1.3775662559219217,-1.7567735082606317,-1.1660813587619456,-1.435015883557242,-1.816776444012023
-1.1689156539723968,-0.791032812969717,-1.5900531008691248,-1.1660814424583321,-1.9141896844155786,-1.5759592837602716
-1.1651166882491368,-1.2069492641208104,-2.440164505020547,-1.1660814132317308,-0.9913705518825473,-2.215004530854884
-1.1505865605548307,-0.7380242395365595,-1.9211333002361872,-1.1660814128327714,-0.9999550924216207,-2.1947055221255547
-1.1565543115455457,-1.3425468869690782,-1.9685725615434588,-1.1660813725942847,-1.2744463011193563,-1.8974452806755575
-1.1546315903242812,-1.9140906763039793,-1.7071038594137962,-1.1660814028137942,-1.8523076107501948,-1.6425748919488927
-1.160050555799169,-0.9319517526277901,-2.6647207224914977,-1.1660814179914885,-0.8951282998973973,-2.6262607029171297
-1.1623823479017745,-1.467669304681793,-2.1339713522277544,-1.166081374599879,-1.2530774678286904,-1.9098421032260549
-1.1591658082891891,-1.9694499818126712,-2.1190071085857967,-1.1660813328338697,-1.6146623879747037,-1.7484511838416492
-1.1631493441590923,-0.7490313608642977,-2.2596626164075495,-1.166081416901219,-0.9240482831328439,-2.4424580796045237
-1.1651164311436002,-1.262946565114316,-2.5455167757447974,-1.166081413842039,-0.9783847933593384,-2.2483078317471237
-1.1632852134346847,-0.778351307374801,-2.1927557670768136,-1.1660814159787216,-0.9422580774172298,-2.3639472899645093
-1.1506240283140108,-0.7527729304728332,-2.469250041078439,-1.166081417945286,-0.8960084627033899,-2.61885162141163
-1.1543973645831813,-0.6983638639081937,-2.1804436134129555,-1.1660814162709365,-0.9286171675159468,-2.4209304052608114
-1.1639642494238276,-1.0082570631725307,-1.788746782896248,-1.166081442458332,-1.1842201319615462,-1.9426132627362562
-1.154615952942904,-0.661170060994521,-1.5788526562061649,-1.166081404497306,-1.0931869359692818,-2.0300702675116624
-1.159248635894708,-0.9207872800317938,-2.1234517167114424,-1.1660814129901906,-0.9965577578581207,-2.202589775488202
-1.1682651489305087,-1.7157217491080416,-2.6856855642038386,-1.1660814055315063,-1.0909358793719428,-2.033131450856659
-1.168580472329042,-1.5304188905675602,-2.137163402219797,-1.1660813713601013,-1.2916568253103493,-1.8877896933047131
-1.1514667164964554,-1.6043036065036544,-1.6767624524722158,-1.1660813289204053,-1.6593735094560043,-1.7342798954097634
-1.1560677329575542,-1.0088216357995623,-2.842373554318182,-1.1660814184697919,-0.8860673160488333,-2.7141635301203064
-1.167332390184408,-0.9737008231501786,-2.0484045924807437,-1.1660814424583321,-0.9958440333911298,-2.0471711776086563
-1.1595469699411471,-0.6944190708381255,-1.5471150244466558,-1.1660814031506006,-1.1244831871059275,-1.9962930849635498
-1.1613819778853443,-1.305320147205076,-2.407543758892243,-1.1660814107103405,-1.0341684244212028,-2.1243408616267527
-1.1675683132446841,-0.816746234968856,-2.783332872933048,-1.1660814424583321,-0.8354269428939449,-2.776328411818573
-1.1541921446593353,-1.875616628661846,-1.74362742306088,-1.1660813332442896,-1.815032807162234,-1.6803509832575414
-1.157989662849544,-1.624195680268646,-1.8022875826326996,-1.1660813356329174,-1.5827158076885506,-1.7589641532312255
-1.1523434453031978,-0.9927903271451816,-1.99437084788533,-1.1660814080617343,-1.0657287852428048,-2.0705510158017004
-1.1677184715991349,-0.9684998890992418,-2.481440420179023,-1.166081442458332,-0.8634563574669765,-2.7475272891253986
-1.1666972253877275,-0.648023304311894,-1.906005596252139,-1.166081442458332,-0.9845465741917169,-2.0526240255509163
-1.16805453312919,-1.4153068496703312,-1.7587308968305504,-1.166081442458332,-1.8509696772157596,-1.6315189204358607
-1.159863410700186,-1.1702831943514416,-2.697945010485035,-1.1660814164868991,-0.9243348457650273,-2.4410656490106932
-1.1658521966476374,-1.0676402197249242,-2.9061212220406283,-1.1660814184802404,-0.8858775845183807,-2.7162802927839347
-1.1509557697356376,-1.858029867454686,-1.6571465162823575,-1.1660814022317783,-1.8485363471386884,-1.6472310711948726
-1.1610854983720897,-1.1955178774081439,-2.681023510339042,-1.1660814161005804,-0.9320108440109975,-2.4058050768011707
-1.1596101232238423,-1.0099060986332102,-2.525069083075971,-1.166081416440609,-0.9252512676957376,-2.436651834485753
-1.1576403379883882,-1.2039891219445897,-2.670912299893892,-1.1660814159217807,-0.9355876948271655,-2.3905819434405418
-1.1571241031480541,-1.3455659106993079,-2.6603277191927184,-1.166081414196212,-0.9709370674978227,-2.2690487265215493
-1.16653419945934,-1.5529114994956452,-2.5208565220090065,-1.1660814067033325,-1.0888089211599326,-2.036127180557732
-1.1519037236198906,-1.3660610163595774,-2.363137172163881,-1.1660814074861958,-1.0738830212464,-2.057973500675401
-1.152822088300121,-1.8292572146222366,-2.4727064345002185,-1.1660813723510624,-1.277055909346956,-1.8959628663284918
-1.1520629438761238,-0.794335725969552,-1.666027844461733,-1.166081398581083,-1.1165212595583816,-2.0025327245254054
-1.152896395838385,-1.4261546076118021,-1.6575401440536581,-1.1660813396081116,-1.5379360944513034,-1.774289683945971
-1.1581755964567,-1.0196927609943072,-2.441517200423241,-1.1660814155569081,-0.9429376939085915,-2.361350812332641
-1.1642466831339044,-1.4917861484794765,-2.3595264602645822,-1.1660813857034182,-1.1357923102518181,-1.9877106832262215
-1.1611240012226205,-1.6662549088192486,-2.2268002346555233,-1.1660813679131556,-1.3246649326067985,-1.8700284897450175
-1.154281912729892,-0.7777045221124583,-2.366067990242664,-1.166081417110052,-0.9121067202369272,-2.5064436355804687
-1.1661003963823302,-1.5988323305194703,-2.5179949260489307,-1.1660813881637608,-1.110100509204401,-2.0075417059417693
-1.1655437089384826,-0.7388820892309735,-2.7195510375650542,-1.1660814424583321,-0.8290498968114333,-2.7809047233211484
-1.1506253922518919,-1.3854090304181916,-2.105822674620216,-1.1660813778809307,-1.2181726386979346,-1.9311535561680215
-1.1526353342386377,-1.4037163770614305,-1.6821335967447657,-1.1660813514113384,-1.5043575235542874,-1.7872476720856019
-1.1510115248083321,-1.5896654310957063,-2.777063662662113,-1.1660814123597625,-1.0102531475414986,-2.171899748023975
-1.1588109274805953,-1.7187238531628535,-2.8650360746752916,-1.166081411490538,-1.0254310156033029,-2.14093025222817
-1.164611462535087,-1.1992685184674312,-2.8501988544982617,-1.1660814174194896,-0.9061052050730967,-2.544006093325158
-1.1549452739141906,-0.9520543895187734,-2.4645397156378657,-1.1660814164396538,-0.9252695369360896,-2.436564442530534
-1.1665047278381608,-0.9822887028233979,-1.9622862806189132,-1.1660814424583321,-1.043185873598953,-2.0005768454510577
-1.1505557077578936,-0.7580790561190214,-1.9849185286727336,-1.166081413411733,-0.9875132804904219,-2.2245498295333275
-1.1518951455046618,-0.6600759525002365,-2.6065042007295967,-1.1660813981446911,-0.8363195785611557,-2.7905808711350506
-1.1676671788578679,-0.8143193257573234,-2.003594275618604,-1.1660814424583321,-0.9839548664633156,-2.0542603765536467
-1.1503175637924354,-1.197772660695597,-1.6884211442870538,-1.1660813649881407,-1.3562138864613196,-1.8539041913812158
-1.1613617304351704,-1.544470487591322,-2.5297837109148618,-1.1660814071718573,-1.0816624019061407,-2.0464063953861555
-1.1520861355257201,-1.7089162173702457,-2.7020485790433195,-1.1660814071716965,-1.081458725509325,-2.0467041130995645
-1.155423853319274,-1.9442891965096982,-1.9958960443296978,-1.1660813265966055,-1.685995846602736,-1.726122992268106
-1.155151054833449,-0.8437413060093222,-2.8767538492916294,-1.1660813878241063,-0.7920281637091419,-2.822742344804675
-1.1696901378737996,-1.6875383769926637,-1.9432243511513372,-1.1660814424583317,-1.770415208780909,-1.6907915080425477
-1.1537263379158673,-1.7317290975402453,-2.675617176342428,-1.1660814016384915,-1.10247914075156,-2.018400579210024
-1.1638341374494727,-0.6490736620816754,-1.6465760876466269,-1.1660814424583321,-1.090881347323829,-1.953729193907183
-1.1614260917825143,-0.6833187106086946,-2.673274277906026,-1.1660813811989255,-0.8122639115612802,-2.8079503692609515
-1.1695552807862968,-1.9497312385478986,-2.689801067452616,-1.1660813775768433,-1.2214146805880544,-1.9291149099162603
-1.150772551442348,-0.7831461937922544,-2.900248336474893,-1.1660814016957985,-0.7493038344191567,-2.8649018743220402
-1.1608428749916953,-0.7814476708541067,-1.5267661617400066,-1.166081442458332,-1.2551115647201245,-1.9001041020779998
